,Fuel
0,petrol
1,petrol
2,petrol
3,petrol
4,petrol
5,petrol
6,petrol
7,petrol
8,petrol
9,petrol
10,petrol
11,petrol
12,petrol
13,petrol
14,petrol
15,petrol
16,petrol
17,petrol
18,petrol
19,petrol
20,petrol
21,petrol
22,petrol
23,
24,diesel
25,petrol
26,petrol
27,petrol
28,petrol
29,petrol
30,diesel
31,petrol
32,
33,diesel
34,diesel
35,diesel
36,petrol
37,diesel
38,petrol
39,petrol
40,petrol
41,petrol
42,petrol
43,petrol
44,petrol
45,petrol
46,petrol
47,petrol
48,petrol
49,petrol
50,petrol
51,petrol
52,diesel
53,petrol
54,
55,diesel
56,petrol
57,petrol
58,petrol
59,petrol
60,petrol
61,petrol
62,petrol
63,petrol
64,diesel
65,
66,petrol
67,peatrol
68,petrol
69,diesel
70,petrol
71,petrol
72,petrol
73,petrol
74,petrol
75,
76,diesel
77,petrol
78,diesel
79,petrol
80,petrol
81,petrol
82,diesel
83,petrol
84,petrol
85,petrol
86,peatrol
87,petrol
88,diesel
89,petrol
90,petrol
91,petrol
92,diesel
93,petrol
94,petrol
95,peatrol
96,petrol
97,diesel
98,diesel
99,diesel
100,diesel
101,petrol
102,petrol
103,diesel
104,petrol
105,petrol
106,petrol
107,petrol
108,petrol
109,petrol
110,petrol
111,petrol
112,petrol
113,diesel
114,peatrol
115,petrol
116,petrol
117,diesel
118,automatic
119,petrol
120,petrol
121,petrol
122,petrol
123,petrol
124,petrol
125,petrol
126,diesel
127,diasel
128,peatrol
129,petrol
130,petrol
131,petrol
132,petrol
133,diasel
134,petrol
135,petrol
136,petrol
137,petrol
138,petrol
139,petrol
140,petrol
141,petrol
142,petrol
143,petrol
144,petrol
145,petrol
146,petrol
147,petrol
148,diasel
149,petrol
150,petrol
151,petrol
152,diesel
153,diasel
154,diesel
155,petrol
156,petrol
157,petrol
158,petrol
159,petrol
160,petrol
161,petrol
162,diesel
163,petrol
164,diesel
165,petrol
166,petrol
167,diesel
168,petrol
169,petrol
170,petrol
171,diesel
172,diesel
173,petrol
174,petrol
175,petrol
176,petrol
177,diesel
178,petrol
179,petrol
180,petrol
181,diesel
182,petrol
183,petrol
184,petrol
185,petrol
186,petrol
187,petrol
188,petrol
189,petrol
190,petrol
191,petrol
192,petrol
193,petrol
194,petrol
195,petrol
196,diesel
197,petrol
198,petrol
199,petrol
200,petrol
201,petrol
202,petrol
203,petrol
204,petrol
205,petrol
206,petrol
207,petrol
208,petrol
209,petrol
210,petrol
211,petrol
212,diesel
213,petrol
214,petrol
215,petrol
216,petrol
217,petrol
218,diesel
219,petrol
220,autometic
221,petrol
222,petrol
223,petrol
224,petrol
225,petrol
226,petrol
227,autometic
228,petrol
229,petrol
230,petrol
231,petrol
232,diesel
233,petrol
234,petrol
235,petrol
236,petrol
237,petrol
238,petrol
239,petrol
240,petrol
241,petrol
242,diesel
243,petrol
244,automatic
245,petrol
246,petrol
247,petrol
248,diesel
249,petrol
250,petrol
251,petrol
252,petrol
253,petrol
254,petrol
255,petrol
256,petrol
257,petrol
258,diesel
259,petrol
260,petrol
261,petrol
262,petrol
263,petrol
264,petrol
265,petrol
266,petrol
267,petrol
268,petrol
269,petrol
270,diesel
271,petrol
272,petrol
273,petrol
274,petrol
275,petrol
276,petrol
277,petrol
278,petrol
279,petrol
280,petrol
281,petrol
282,petrol
283,petrol
284,diesel
285,petrol
286,petrol
287,petrol
288,petrol
289,diesel
290,petrol
291,petrol
292,diesel
293,petrol
294,petrol
295,petrol
296,diesel
297,petrol
298,petrol
299,petrol
300,petrol
301,petrol
302,diesel
303,petrol
304,petrol
305,petrol
306,petrol
307,petrol
308,petrol
309,petrol
310,petrol
311,petrol
312,petrol
313,diesel
314,petrol
315,petrol
316,petrol
317,diesel
318,diesel
319,petrol
320,diesel
321,petrol
322,petrol
323,petrol
324,petrol
325,petrol
326,petrol
327,petrol
328,petrol
329,petrol
330,petrol
331,petrol
332,petrol
333,petrol
334,petrol
335,petrol
336,petrol
337,petrol
338,petrol
339,petrol
340,petrol
341,petrol
342,petrol
343,petrol
344,petrol
345,diesel
346,petrol
347,diesel
348,petrol
349,diesel
350,petrol
351,petrol
352,petrol
353,diesel
354,diesel
355,petrol
356,petrol
357,petrol
358,petrol
359,petrol
360,petrol
361,petrol
362,petrol
363,petrol
364,petrol
365,petrol
366,petrol
367,petrol
368,petrol
369,diesel
370,petrol
371,petrol
372,petrol
373,petrol
374,petrol
375,diesel
376,diesel
377,diesel
378,petrol
379,petrol
380,diesel
381,diesel
382,petrol
383,petrol
384,petrol
385,petrol
386,petrol
387,diesel
388,petrol
389,petrol
390,petrol
391,petrol
392,petrol
393,diesel
394,petrol
395,petrol
396,petrol
397,automatic
398,petrol
399,petrol
400,diesel
401,petrol
402,petrol
403,diesel
404,diesel
405,petrol
406,petrol
407,petrol
408,petrol
409,petrol
410,petrol
411,petrol
412,petrol
413,petrol
414,petrol
415,petrol
416,petrol
417,petrol
418,petrol
419,petrol
420,petrol
421,petrol
422,petrol
423,petrol
424,petrol
425,petrol
426,petrol
427,petrol
428,petrol
429,petrol
430,petrol
431,petrol
432,petrol
433,diesel
434,petrol
435,petrol
436,petrol
437,petrol
438,diesel
439,diesel
440,petrol
441,petrol
442,petrol
443,petrol
444,petrol
445,diesel
446,petrol
447,petrol
448,petrol
449,petrol
450,diesel
451,diesel
452,petrol
453,petrol
454,diesel
455,diesel
456,petrol
457,petrol
458,petrol
459,petrol
460,diesel
461,petrol
462,petrol
463,petrol
464,petrol
465,petrol
466,diesel
467,petrol
468,petrol
469,petrol
470,petrol
471,diesel
472,petrol
473,petrol
474,petrol
475,petrol
476,petrol
477,petrol
478,petrol
479,petrol
480,petrol
481,petrol
482,diesel
483,petrol
484,petrol
485,diesel
486,petrol
487,petrol
488,petrol
489,diesel
490,diesel
491,diesel
492,petrol
493,petrol
494,petrol
495,diesel
496,petrol
497,petrol
498,petrol
499,petrol
500,diesel
501,diesel
502,petrol
503,petrol
504,petrol
505,petrol
506,petrol
507,petrol
508,petrol
509,diesel
510,petrol
511,diesel
512,petrol
513,petrol
514,petrol
515,petrol
516,petrol
517,petrol
518,petrol
519,petrol
520,petrol
521,petrol
522,diesel
523,petrol
524,petrol
525,petrol
526,diesel
527,petrol
528,automatic
529,diesel
530,diesel
531,petrol
532,petrol
533,petrol
534,petrol
535,petrol
536,petrol
537,petrol
538,petrol
539,petrol
540,petrol
541,petrol
542,petrol
543,petrol
544,petrol
545,diesel
546,petrol
547,diesel
548,petrol
549,diesel
550,petrol
551,petrol
552,petrol
553,petrol
554,petrol
555,petrol
556,petrol
557,petrol
558,petrol
559,petrol
560,petrol
561,petrol
562,diesel
563,diesel
564,petrol
565,diesel
566,petrol
567,petrol
568,petrol
569,petrol
570,petrol
571,petrol
572,petrol
573,petrol
574,petrol
575,petrol
576,petrol
577,diesel
578,petrol
579,petrol
580,petrol
581,petrol
582,petrol
583,diesel
584,petrol
585,petrol
586,petrol
587,petrol
588,diesel
589,petrol
590,petrol
591,diesel
592,petrol
593,petrol
594,petrol
595,petrol
596,diesel
597,petrol
598,diesel
599,automatic
600,petrol
601,petrol
602,petrol
603,petrol
604,petrol
605,petrol
606,diesel
607,petrol
608,petrol
609,petrol
610,petrol
611,diesel
612,petrol
613,petrol
614,petrol
615,petrol
616,petrol
617,petrol
618,petrol
619,petrol
620,petrol
621,petrol
622,petrol
623,petrol
624,petrol
625,petrol
626,petrol
627,petrol
628,petrol
629,petrol
630,petrol
631,petrol
632,petrol
633,petrol
634,petrol
635,petrol
636,petrol
637,diesel
638,petrol
639,petrol
640,diesel
641,petrol
642,petrol
643,automatic
644,automatic
645,diesel
646,petrol
647,petrol
648,petrol
649,petrol
650,petrol
651,petrol
652,petrol
653,petrol
654,petrol
655,petrol
656,petrol
657,petrol
658,petrol
659,petrol
660,petrol
661,petrol
662,petrol
663,petrol
664,petrol
665,petrol
666,petrol
667,petrol
668,petrol
669,petrol
670,petrol
671,petrol
672,petrol
673,petrol
674,petrol
675,petrol
676,petrol
677,petrol
678,petrol
679,petrol
680,petrol
681,petrol
682,petrol
683,petrol
684,petrol
685,petrol
686,petrol
687,petrol
688,petrol
689,petrol
690,petrol
691,petrol
692,diesel
693,diesel
694,petrol
695,petrol
696,petrol
697,petrol
698,petrol
699,petrol
700,petrol
701,petrol
702,petrol
703,petrol
704,diesel
705,petrol
706,diesel
707,petrol
708,diesel
709,petrol
710,petrol
711,petrol
712,diesel
713,petrol
714,petrol
715,petrol
716,diesel
717,petrol
718,petrol
719,diesel
720,petrol
721,petrol
722,petrol
723,petrol
724,petrol
725,petrol
726,petrol
727,petrol
728,petrol
729,petrol
730,petrol
731,petrol
732,petrol
733,diesel
734,diesel
735,petrol
736,petrol
737,petrol
738,diesel
739,petrol
740,petrol
741,petrol
742,diesel
743,petrol
744,petrol
745,diesel
746,petrol
747,petrol
748,petrol
749,petrol
750,petrol
751,petrol
752,diesel
753,petrol
754,petrol
755,petrol
756,petrol
757,diesel
758,diesel
759,petrol
760,petrol
761,petrol
762,diesel
763,diesel
764,petrol
765,petrol
766,diesel
767,petrol
768,petrol
769,diesel
770,petrol
771,petrol
772,petrol
773,petrol
774,diesel
775,petrol
776,petrol
777,petrol
778,petrol
779,petrol
780,petrol
781,petrol
782,petrol
783,petrol
784,petrol
785,petrol
786,petrol
787,petrol
788,petrol
789,petrol
790,petrol
791,petrol
792,petrol
793,diesel
794,diesel
795,petrol
796,petrol
797,petrol
798,petrol
799,diesel
800,petrol
801,petrol
802,petrol
803,petrol
804,petrol
805,petrol
806,petrol
807,petrol
808,petrol
809,petrol
810,petrol
811,petrol
812,petrol
813,petrol
814,petrol
815,petrol
816,petrol
817,petrol
818,petrol
819,petrol
820,petrol
821,petrol
822,petrol
823,petrol
824,petrol
825,petrol
826,petrol
827,diesel
828,petrol
829,petrol
830,petrol
831,petrol
832,diesel
833,diesel
834,petrol
835,petrol
836,petrol
837,petrol
838,petrol
839,petrol
840,petrol
841,petrol
842,diesel
843,petrol
844,petrol
845,petrol
846,diesel
847,petrol
848,petrol
849,petrol
850,petrol
851,diesel
852,petrol
853,diesel
854,petrol
855,petrol
856,petrol
857,petrol
858,petrol
859,petrol
860,diesel
861,petrol
862,petrol
863,petrol
864,petrol
865,diesel
866,diesel
867,petrol
868,diesel
869,petrol
870,petrol
871,petrol
872,petrol
873,petrol
874,petrol
875,petrol
876,petrol
877,petrol
878,petrol
879,petrol
880,petrol
881,diesel
882,diesel
883,diesel
884,diesel
885,petrol
886,diesel
887,petrol
888,petrol
889,petrol
890,diesel
891,petrol
892,petrol
893,diesel
894,petrol
895,petrol
896,petrol
897,petrol
898,petrol
899,petrol
900,petrol
901,petrol
902,petrol
903,petrol
904,petrol
905,diesel
906,petrol
907,petrol
908,petrol
909,diesel
910,petrol
911,petrol
912,petrol
913,diesel
914,petrol
915,diesel
916,petrol
917,petrol
918,petrol
919,petrol
920,diesel
921,petrol
922,petrol
923,diesel
924,petrol
925,petrol
926,petrol
927,automatic
928,petrol
929,diesel
930,petrol
931,petrol
932,petrol
933,petrol
934,petrol
935,petrol
936,diesel
937,petrol
938,petrol
939,petrol
940,petrol
941,petrol
942,petrol
943,diesel
944,petrol
945,diesel
946,petrol
947,petrol
948,petrol
949,petrol
950,petrol
951,petrol
952,diesel
953,petrol
954,petrol
955,petrol
956,petrol
957,petrol
958,petrol
959,petrol
960,petrol
961,petrol
962,petrol
963,diesel
964,petrol
965,petrol
966,petrol
967,petrol
968,diesel
969,petrol
970,petrol
971,diesel
972,petrol
973,diesel
974,petrol
975,petrol
976,petrol
977,petrol
978,petrol
979,petrol
980,petrol
981,petrol
982,automatic
983,petrol
984,petrol
985,petrol
986,petrol
987,petrol
988,petrol
989,petrol
990,petrol
991,petrol
992,petrol
993,diesel
994,petrol
995,petrol
996,petrol
997,petrol
998,petrol
999,petrol
1000,petrol
1001,petrol
1002,petrol
1003,petrol
1004,petrol
1005,diesel
1006,petrol
1007,diesel
1008,petrol
1009,diesel
1010,petrol
1011,petrol
1012,petrol
1013,petrol
1014,petrol
1015,petrol
1016,petrol
1017,diesel
1018,petrol
1019,petrol
1020,petrol
1021,petrol
1022,petrol
1023,petrol
1024,petrol
1025,petrol
1026,petrol
1027,petrol
1028,diesel
1029,automatic
1030,petrol
1031,petrol
1032,diesel
1033,petrol
1034,diesel
1035,petrol
1036,petrol
1037,petrol
1038,petrol
1039,petrol
1040,petrol
1041,petrol
1042,petrol
1043,petrol
1044,petrol
1045,diesel
1046,petrol
1047,petrol
1048,petrol
1049,petrol
1050,petrol
1051,petrol
1052,petrol
1053,petrol
1054,petrol
1055,petrol
1056,petrol
1057,petrol
1058,petrol
1059,petrol
1060,automatic
1061,petrol
1062,petrol
1063,petrol
1064,petrol
1065,petrol
1066,petrol
1067,petrol
1068,petrol
1069,petrol
1070,petrol
1071,petrol
1072,petrol
1073,petrol
1074,petrol
1075,petrol
1076,diesel
1077,petrol
1078,petrol
1079,petrol
1080,petrol
1081,petrol
1082,petrol
1083,petrol
1084,petrol
1085,petrol
1086,petrol
1087,diesel
1088,petrol
1089,petrol
1090,petrol
1091,petrol
1092,petrol
1093,petrol
1094,petrol
1095,petrol
1096,diesel
1097,petrol
1098,petrol
1099,petrol
1100,petrol
1101,petrol
1102,petrol
1103,petrol
1104,diesel
1105,diesel
1106,petrol
1107,petrol
1108,diesel
1109,petrol
1110,petrol
1111,diesel
1112,petrol
1113,petrol
1114,petrol
1115,petrol
1116,petrol
1117,petrol
1118,petrol
1119,petrol
1120,petrol
1121,petrol
1122,petrol
1123,petrol
1124,petrol
1125,petrol
1126,diesel
1127,diesel
1128,petrol
1129,petrol
1130,petrol
1131,petrol
1132,diesel
1133,diesel
1134,petrol
1135,petrol
1136,petrol
1137,petrol
1138,petrol
1139,petrol
1140,petrol
1141,petrol
1142,petrol
1143,petrol
1144,petrol
1145,petrol
1146,petrol
1147,petrol
1148,petrol
1149,diesel
1150,petrol
1151,petrol
1152,petrol
1153,petrol
1154,petrol
1155,petrol
1156,diesel
1157,petrol
1158,diesel
1159,petrol
1160,petrol
1161,petrol
1162,petrol
1163,petrol
1164,petrol
1165,diesel
1166,petrol
1167,petrol
1168,petrol
1169,petrol
1170,petrol
1171,petrol
1172,diesel
1173,diesel
1174,diesel
1175,petrol
1176,petrol
1177,petrol
1178,petrol
1179,diesel
1180,petrol
1181,diesel
1182,petrol
1183,petrol
1184,diesel
1185,petrol
1186,petrol
1187,petrol
1188,petrol
1189,petrol
1190,diesel
1191,petrol
1192,petrol
1193,petrol
1194,petrol
1195,petrol
1196,petrol
1197,petrol
1198,petrol
1199,petrol
1200,petrol
1201,petrol
1202,petrol
1203,petrol
1204,petrol
1205,petrol
1206,petrol
1207,petrol
1208,petrol
1209,petrol
1210,petrol
1211,petrol
1212,petrol
1213,petrol
1214,petrol
1215,petrol
1216,petrol
1217,petrol
1218,petrol
1219,diesel
1220,petrol
1221,petrol
1222,petrol
1223,petrol
1224,diesel
1225,petrol
1226,petrol
1227,diesel
1228,petrol
1229,petrol
1230,petrol
1231,diesel
1232,petrol
1233,petrol
1234,petrol
1235,petrol
1236,petrol
1237,petrol
1238,petrol
1239,petrol
1240,petrol
1241,diesel
1242,petrol
1243,diesel
1244,petrol
1245,petrol
1246,diesel
1247,petrol
1248,petrol
1249,diesel
1250,petrol
1251,petrol
1252,petrol
1253,petrol
1254,petrol
1255,petrol
1256,petrol
1257,petrol
1258,petrol
1259,petrol
1260,petrol
1261,petrol
1262,petrol
1263,petrol
1264,petrol
1265,diesel
1266,petrol
1267,petrol
1268,diesel
1269,diesel
1270,petrol
1271,diesel
1272,diesel
1273,diesel
1274,diesel
1275,petrol
1276,petrol
1277,petrol
1278,petrol
1279,diesel
1280,petrol
1281,petrol
1282,petrol
1283,diesel
1284,diesel
1285,petrol
1286,petrol
1287,petrol
1288,petrol
1289,petrol
1290,petrol
1291,petrol
1292,petrol
1293,petrol
1294,petrol
1295,petrol
1296,petrol
1297,diesel
1298,petrol
1299,diesel
1300,petrol
1301,petrol
1302,petrol
1303,petrol
1304,petrol
1305,petrol
1306,petrol
1307,petrol
1308,petrol
1309,diesel
1310,petrol
1311,petrol
1312,petrol
1313,diesel
1314,petrol
1315,petrol
1316,petrol
1317,diesel
1318,petrol
1319,petrol
1320,petrol
1321,petrol
1322,petrol
1323,petrol
1324,automatic
1325,petrol
1326,petrol
1327,petrol
1328,petrol
1329,diesel
1330,diesel
1331,petrol
1332,petrol
1333,petrol
1334,diesel
1335,petrol
1336,petrol
1337,petrol
1338,petrol
1339,diesel
1340,petrol
1341,diesel
1342,petrol
1343,diesel
1344,petrol
1345,petrol
1346,petrol
1347,petrol
1348,petrol
1349,petrol
1350,petrol
1351,diesel
1352,petrol
1353,petrol
1354,petrol
1355,petrol
1356,petrol
1357,petrol
1358,petrol
1359,petrol
1360,petrol
1361,petrol
1362,petrol
1363,petrol
1364,petrol
1365,petrol
1366,petrol
1367,automatic
1368,diesel
1369,petrol
1370,petrol
1371,petrol
1372,diesel
1373,petrol
1374,petrol
1375,diesel
1376,petrol
1377,petrol
1378,petrol
1379,petrol
1380,petrol
1381,petrol
1382,petrol
1383,petrol
1384,petrol
1385,petrol
1386,petrol
1387,petrol
1388,petrol
1389,petrol
1390,petrol
1391,petrol
1392,petrol
1393,petrol
1394,diesel
1395,diesel
1396,petrol
1397,petrol
1398,petrol
1399,petrol
1400,petrol
1401,petrol
1402,petrol
1403,diesel
1404,petrol
1405,petrol
1406,petrol
1407,petrol
1408,petrol
1409,petrol
1410,petrol
1411,petrol
1412,petrol
1413,petrol
1414,diesel
1415,petrol
1416,petrol
1417,petrol
1418,petrol
1419,petrol
1420,automatic
1421,petrol
1422,petrol
1423,petrol
1424,petrol
1425,petrol
1426,petrol
1427,diesel
1428,petrol
1429,petrol
1430,petrol
1431,petrol
1432,petrol
1433,petrol
1434,petrol
1435,petrol
1436,petrol
1437,petrol
1438,petrol
1439,petrol
1440,diesel
1441,petrol
1442,petrol
1443,petrol
1444,petrol
1445,petrol
1446,petrol
1447,petrol
1448,petrol
1449,petrol
1450,diesel
1451,petrol
1452,petrol
1453,petrol
1454,petrol
1455,petrol
1456,diesel
1457,petrol
1458,petrol
1459,diesel
1460,petrol
1461,petrol
1462,petrol
1463,petrol
1464,petrol
1465,petrol
1466,petrol
1467,petrol
1468,petrol
1469,petrol
1470,petrol
1471,petrol
1472,automatic
1473,petrol
1474,petrol
1475,petrol
1476,petrol
1477,petrol
1478,diesel
1479,petrol
1480,petrol
1481,petrol
1482,petrol
1483,petrol
1484,diesel
1485,petrol
1486,petrol
1487,petrol
1488,petrol
1489,petrol
1490,petrol
1491,petrol
1492,diesel
1493,petrol
1494,diesel
1495,petrol
1496,petrol
1497,petrol
1498,diesel
1499,petrol
1500,petrol
1501,petrol
1502,petrol
1503,petrol
1504,diesel
1505,petrol
1506,petrol
1507,petrol
1508,petrol
1509,diesel
1510,petrol
1511,diesel
1512,petrol
1513,petrol
1514,petrol
1515,petrol
1516,petrol
1517,diesel
1518,petrol
1519,petrol
1520,petrol
1521,diesel
1522,petrol
1523,petrol
1524,petrol
1525,petrol
1526,petrol
1527,petrol
1528,diesel
1529,petrol
1530,petrol
1531,petrol
1532,petrol
1533,petrol
1534,petrol
1535,petrol
1536,diesel
1537,petrol
1538,petrol
1539,petrol
1540,petrol
1541,petrol
1542,petrol
1543,petrol
1544,petrol
1545,petrol
1546,petrol
1547,petrol
1548,diesel
1549,petrol
1550,petrol
1551,petrol
1552,petrol
1553,petrol
1554,diesel
1555,diesel
1556,petrol
1557,petrol
1558,petrol
1559,petrol
1560,petrol
1561,petrol
1562,petrol
1563,petrol
1564,petrol
1565,petrol
1566,petrol
1567,petrol
1568,petrol
1569,diesel
1570,petrol
1571,petrol
1572,petrol
1573,petrol
1574,diesel
1575,petrol
1576,diesel
1577,petrol
1578,petrol
1579,petrol
1580,petrol
1581,diesel
1582,diesel
1583,petrol
1584,petrol
1585,petrol
1586,petrol
1587,petrol
1588,petrol
1589,petrol
1590,petrol
1591,petrol
1592,petrol
1593,petrol
1594,petrol
1595,petrol
1596,petrol
1597,petrol
1598,petrol
1599,petrol
1600,petrol
1601,petrol
1602,petrol
1603,petrol
1604,petrol
1605,petrol
1606,petrol
1607,petrol
1608,petrol
1609,diesel
1610,diesel
1611,petrol
1612,petrol
1613,diesel
1614,petrol
1615,petrol
1616,petrol
1617,petrol
1618,petrol
1619,petrol
1620,petrol
1621,petrol
1622,diesel
1623,petrol
1624,petrol
1625,petrol
1626,petrol
1627,petrol
1628,petrol
1629,diesel
1630,petrol
1631,petrol
1632,petrol
1633,diesel
1634,petrol
1635,diesel
1636,petrol
1637,diesel
1638,petrol
1639,petrol
1640,petrol
1641,petrol
1642,petrol
1643,petrol
1644,petrol
1645,petrol
1646,petrol
1647,petrol
1648,petrol
1649,petrol
1650,petrol
1651,petrol
1652,petrol
1653,petrol
1654,petrol
1655,petrol
1656,diesel
1657,petrol
1658,petrol
1659,petrol
1660,petrol
1661,diesel
1662,diesel
1663,diesel
1664,petrol
1665,petrol
1666,diesel
1667,diesel
1668,petrol
1669,diesel
1670,petrol
1671,petrol
1672,petrol
1673,petrol
1674,petrol
1675,petrol
1676,petrol
1677,petrol
1678,diesel
1679,petrol
1680,petrol
1681,petrol
1682,diesel
1683,petrol
1684,diesel
1685,petrol
1686,petrol
1687,diesel
1688,petrol
1689,petrol
1690,diesel
1691,petrol
1692,petrol
1693,petrol
1694,petrol
1695,petrol
1696,petrol
1697,petrol
1698,petrol
1699,petrol
1700,petrol
1701,petrol
1702,petrol
1703,petrol
1704,petrol
1705,petrol
1706,petrol
1707,petrol
1708,petrol
1709,petrol
1710,petrol
1711,petrol
1712,petrol
1713,diesel
1714,diesel
1715,diesel
1716,petrol
1717,petrol
1718,petrol
1719,petrol
1720,petrol
1721,petrol
1722,petrol
1723,petrol
1724,petrol
1725,petrol
1726,petrol
1727,petrol
1728,petrol
1729,diesel
1730,petrol
1731,diesel
1732,diesel
1733,petrol
1734,petrol
1735,petrol
1736,diesel
1737,petrol
1738,petrol
1739,petrol
1740,diesel
1741,petrol
1742,automatic
1743,diesel
1744,petrol
1745,petrol
1746,petrol
1747,petrol
1748,automatic
1749,petrol
1750,petrol
1751,petrol
1752,petrol
1753,petrol
1754,petrol
1755,petrol
1756,petrol
1757,diesel
1758,petrol
1759,petrol
1760,petrol
1761,petrol
1762,petrol
1763,petrol
1764,petrol
1765,diesel
1766,petrol
1767,diesel
1768,petrol
1769,petrol
1770,petrol
1771,petrol
1772,petrol
1773,petrol
1774,petrol
1775,petrol
1776,diesel
1777,petrol
1778,petrol
1779,petrol
1780,petrol
1781,petrol
1782,petrol
1783,petrol
1784,petrol
1785,petrol
1786,diesel
1787,petrol
1788,petrol
1789,petrol
1790,petrol
1791,petrol
1792,petrol
1793,petrol
1794,petrol
1795,petrol
1796,petrol
1797,petrol
1798,petrol
1799,petrol
1800,diesel
1801,petrol
1802,diesel
1803,petrol
1804,petrol
1805,diesel
1806,petrol
1807,petrol
1808,petrol
1809,petrol
1810,automatic
1811,petrol
1812,petrol
1813,petrol
1814,petrol
1815,petrol
1816,petrol
1817,petrol
1818,petrol
1819,petrol
1820,petrol
1821,petrol
1822,petrol
1823,petrol
1824,petrol
1825,petrol
1826,petrol
1827,petrol
1828,petrol
1829,diesel
1830,petrol
1831,diesel
1832,petrol
1833,petrol
1834,petrol
1835,petrol
1836,petrol
1837,petrol
1838,petrol
1839,petrol
1840,petrol
1841,petrol
1842,petrol
1843,petrol
1844,petrol
1845,petrol
1846,petrol
1847,petrol
1848,petrol
1849,petrol
1850,petrol
1851,petrol
1852,petrol
1853,petrol
1854,petrol
1855,petrol
1856,petrol
1857,petrol
1858,petrol
1859,petrol
1860,petrol
1861,petrol
1862,petrol
1863,petrol
1864,diesel
1865,diesel
1866,petrol
1867,petrol
1868,petrol
1869,petrol
1870,petrol
1871,petrol
1872,diesel
1873,petrol
1874,diesel
1875,petrol
1876,petrol
1877,petrol
1878,petrol
1879,diesel
1880,petrol
1881,petrol
1882,petrol
1883,petrol
1884,petrol
1885,petrol
1886,diesel
1887,diesel
1888,petrol
1889,petrol
1890,petrol
1891,petrol
1892,petrol
1893,petrol
1894,diesel
1895,petrol
1896,petrol
1897,petrol
1898,petrol
1899,diesel
1900,petrol
1901,petrol
1902,petrol
1903,petrol
1904,petrol
1905,diesel
1906,petrol
1907,petrol
1908,petrol
1909,petrol
1910,petrol
1911,petrol
1912,petrol
1913,petrol
1914,automatic
1915,diesel
1916,petrol
1917,petrol
1918,diesel
1919,petrol
1920,petrol
1921,petrol
1922,petrol
1923,petrol
1924,diesel
1925,petrol
1926,diesel
1927,petrol
1928,diesel
1929,petrol
1930,petrol
1931,petrol
1932,petrol
1933,petrol
1934,petrol
1935,petrol
1936,petrol
1937,petrol
1938,diesel
1939,petrol
1940,petrol
1941,petrol
1942,petrol
1943,petrol
1944,petrol
1945,diesel
1946,petrol
1947,petrol
1948,petrol
1949,petrol
1950,petrol
1951,petrol
1952,petrol
1953,petrol
1954,petrol
1955,petrol
1956,petrol
1957,petrol
1958,petrol
1959,petrol
1960,petrol
1961,petrol
1962,petrol
1963,petrol
1964,petrol
1965,petrol
1966,petrol
1967,petrol
1968,petrol
1969,petrol
1970,petrol
1971,petrol
1972,petrol
1973,petrol
1974,petrol
1975,petrol
1976,petrol
1977,petrol
1978,petrol
1979,petrol
1980,diesel
1981,petrol
1982,petrol
1983,petrol
1984,diesel
1985,petrol
1986,petrol
1987,petrol
1988,diesel
1989,petrol
1990,petrol
1991,petrol
1992,petrol
1993,petrol
1994,petrol
1995,petrol
1996,petrol
1997,petrol
1998,petrol
1999,diesel
2000,petrol
2001,petrol
2002,diesel
2003,petrol
2004,petrol
2005,petrol
2006,petrol
2007,diesel
2008,petrol
2009,diesel
2010,diesel
2011,petrol
2012,petrol
2013,petrol
2014,petrol
2015,petrol
2016,petrol
2017,petrol
2018,petrol
2019,petrol
2020,petrol
2021,petrol
2022,petrol
2023,petrol
2024,petrol
2025,petrol
2026,petrol
2027,petrol
2028,petrol
2029,petrol
2030,petrol
2031,diesel
2032,petrol
2033,petrol
2034,petrol
2035,petrol
2036,petrol
2037,diesel
2038,diesel
2039,petrol
2040,petrol
2041,diesel
2042,petrol
2043,diesel
2044,petrol
2045,diesel
2046,petrol
2047,petrol
2048,petrol
2049,petrol
2050,petrol
2051,diesel
2052,petrol
2053,petrol
2054,petrol
2055,petrol
2056,petrol
2057,diesel
2058,petrol
2059,petrol
2060,petrol
2061,diesel
2062,petrol
2063,petrol
2064,petrol
2065,petrol
2066,petrol
2067,petrol
2068,petrol
2069,petrol
2070,petrol
2071,petrol
2072,petrol
2073,petrol
2074,petrol
2075,petrol
2076,petrol
2077,petrol
2078,petrol
2079,petrol
2080,petrol
2081,petrol
2082,diesel
2083,petrol
2084,petrol
2085,petrol
2086,petrol
2087,petrol
2088,diesel
2089,petrol
2090,petrol
2091,petrol
2092,petrol
2093,diesel
2094,petrol
2095,petrol
2096,diesel
2097,diesel
2098,petrol
2099,petrol
2100,diesel
2101,diesel
2102,petrol
2103,petrol
2104,petrol
2105,petrol
2106,petrol
2107,petrol
2108,petrol
2109,petrol
2110,automatic
2111,petrol
2112,petrol
2113,diesel
2114,petrol
2115,petrol
2116,petrol
2117,petrol
2118,petrol
2119,petrol
2120,petrol
2121,petrol
2122,petrol
2123,petrol
2124,petrol
2125,diesel
2126,petrol
2127,diesel
2128,petrol
2129,petrol
2130,petrol
2131,petrol
2132,petrol
2133,petrol
2134,diesel
2135,diesel
2136,petrol
2137,petrol
2138,petrol
2139,petrol
2140,diesel
2141,petrol
2142,diesel
2143,petrol
2144,petrol
2145,petrol
2146,petrol
2147,petrol
2148,diesel
2149,automatic
2150,petrol
2151,petrol
2152,petrol
2153,petrol
2154,petrol
2155,petrol
2156,petrol
2157,petrol
2158,petrol
2159,petrol
2160,diesel
2161,petrol
2162,petrol
2163,petrol
2164,petrol
2165,petrol
2166,petrol
2167,petrol
2168,petrol
2169,petrol
2170,petrol
2171,petrol
2172,petrol
2173,petrol
2174,petrol
2175,petrol
2176,petrol
2177,petrol
2178,diesel
2179,petrol
2180,petrol
2181,petrol
2182,petrol
2183,automatic
2184,petrol
2185,petrol
2186,diesel
2187,petrol
2188,diesel
2189,petrol
2190,petrol
2191,diesel
2192,petrol
2193,petrol
2194,petrol
2195,petrol
2196,petrol
2197,petrol
2198,petrol
2199,petrol
2200,petrol
2201,petrol
2202,petrol
2203,petrol
2204,petrol
2205,petrol
2206,petrol
2207,petrol
2208,petrol
2209,petrol
2210,petrol
2211,diesel
2212,diesel
2213,petrol
2214,petrol
2215,petrol
2216,petrol
2217,petrol
2218,petrol
2219,petrol
2220,petrol
2221,petrol
2222,petrol
2223,petrol
2224,petrol
2225,petrol
2226,petrol
2227,petrol
2228,petrol
2229,petrol
2230,petrol
2231,petrol
2232,petrol
2233,petrol
2234,petrol
2235,petrol
2236,petrol
2237,diesel
2238,petrol
2239,petrol
2240,diesel
2241,petrol
2242,petrol
2243,diesel
2244,petrol
2245,petrol
2246,petrol
2247,petrol
2248,petrol
2249,petrol
2250,petrol
2251,petrol
2252,petrol
2253,diesel
2254,petrol
2255,petrol
2256,petrol
2257,petrol
2258,petrol
2259,petrol
2260,diesel
2261,petrol
2262,petrol
2263,diesel
2264,petrol
2265,petrol
2266,diesel
2267,petrol
2268,diesel
2269,petrol
2270,diesel
2271,petrol
2272,petrol
2273,petrol
2274,petrol
2275,petrol
2276,petrol
2277,petrol
2278,petrol
2279,petrol
2280,petrol
2281,petrol
2282,petrol
2283,petrol
2284,petrol
2285,petrol
2286,petrol
2287,petrol
2288,diesel
2289,petrol
2290,diesel
2291,petrol
2292,petrol
2293,petrol
2294,diesel
2295,petrol
2296,petrol
2297,petrol
2298,diesel
2299,petrol
2300,petrol
2301,diesel
2302,petrol
2303,petrol
2304,petrol
2305,petrol
2306,petrol
2307,petrol
2308,diesel
2309,petrol
2310,petrol
2311,diesel
2312,petrol
2313,petrol
2314,petrol
2315,petrol
2316,petrol
2317,petrol
2318,petrol
2319,petrol
2320,petrol
2321,petrol
2322,petrol
2323,petrol
2324,petrol
2325,petrol
2326,petrol
2327,petrol
2328,petrol
2329,petrol
2330,petrol
2331,petrol
2332,petrol
2333,petrol
2334,petrol
2335,petrol
2336,petrol
2337,petrol
2338,petrol
2339,petrol
2340,petrol
2341,petrol
2342,petrol
2343,petrol
2344,diesel
2345,petrol
2346,petrol
2347,petrol
2348,diesel
2349,petrol
2350,diesel
2351,petrol
2352,petrol
2353,petrol
2354,petrol
2355,petrol
2356,petrol
2357,petrol
2358,petrol
2359,petrol
2360,petrol
2361,petrol
2362,petrol
2363,diesel
2364,petrol
2365,petrol
2366,petrol
2367,petrol
2368,petrol
2369,diesel
2370,diesel
2371,petrol
2372,diesel
2373,petrol
2374,diesel
2375,petrol
2376,petrol
2377,petrol
2378,petrol
2379,petrol
2380,petrol
2381,petrol
2382,petrol
2383,petrol
2384,petrol
2385,petrol
2386,petrol
2387,petrol
2388,petrol
2389,petrol
2390,petrol
2391,petrol
2392,petrol
2393,petrol
2394,petrol
2395,petrol
2396,petrol
2397,petrol
2398,petrol
2399,petrol
2400,petrol
2401,petrol
2402,petrol
2403,petrol
2404,diesel
2405,petrol
2406,petrol
2407,diesel
2408,petrol
2409,diesel
2410,diesel
2411,diesel
2412,petrol
2413,petrol
2414,petrol
2415,petrol
2416,petrol
2417,diesel
2418,petrol
2419,petrol
2420,petrol
2421,petrol
2422,petrol
2423,petrol
2424,petrol
2425,petrol
2426,petrol
2427,petrol
2428,diesel
2429,diesel
2430,petrol
2431,diesel
2432,petrol
2433,petrol
2434,petrol
2435,petrol
2436,petrol
2437,petrol
2438,petrol
2439,petrol
2440,petrol
2441,petrol
2442,petrol
2443,petrol
2444,petrol
2445,petrol
2446,petrol
2447,petrol
2448,petrol
2449,petrol
2450,petrol
2451,petrol
2452,petrol
2453,diesel
2454,petrol
2455,petrol
2456,diesel
2457,petrol
2458,petrol
2459,diesel
2460,petrol
2461,petrol
2462,petrol
2463,petrol
2464,petrol
2465,diesel
2466,petrol
2467,diesel
2468,automatic
2469,petrol
2470,petrol
2471,petrol
2472,petrol
2473,petrol
2474,petrol
2475,petrol
2476,petrol
2477,petrol
2478,petrol
2479,diesel
2480,petrol
2481,petrol
2482,petrol
2483,diesel
2484,petrol
2485,petrol
2486,petrol
2487,petrol
2488,petrol
2489,petrol
2490,petrol
2491,petrol
2492,petrol
2493,petrol
2494,petrol
2495,petrol
2496,petrol
2497,petrol
2498,diesel
2499,petrol
2500,petrol
2501,petrol
2502,diesel
2503,petrol
2504,petrol
2505,petrol
2506,petrol
2507,petrol
2508,petrol
2509,diesel
2510,petrol
2511,petrol
2512,petrol
2513,petrol
2514,petrol
2515,petrol
2516,petrol
2517,petrol
2518,petrol
2519,diesel
2520,diesel
2521,diesel
2522,petrol
2523,petrol
2524,petrol
2525,petrol
2526,petrol
2527,petrol
2528,diesel
2529,petrol
2530,diesel
2531,petrol
2532,petrol
2533,petrol
2534,petrol
2535,petrol
2536,petrol
2537,petrol
2538,petrol
2539,petrol
2540,diesel
2541,petrol
2542,automatic
2543,petrol
2544,petrol
2545,petrol
2546,petrol
2547,diesel
2548,petrol
2549,petrol
2550,petrol
2551,petrol
2552,petrol
2553,petrol
2554,petrol
2555,petrol
2556,petrol
2557,petrol
2558,petrol
2559,automatic
2560,petrol
2561,diesel
2562,petrol
2563,petrol
2564,petrol
2565,petrol
2566,petrol
2567,petrol
2568,petrol
2569,petrol
2570,diesel
2571,petrol
2572,petrol
2573,petrol
2574,petrol
2575,petrol
2576,petrol
2577,petrol
2578,petrol
2579,diesel
2580,petrol
2581,petrol
2582,petrol
2583,petrol
2584,petrol
2585,petrol
2586,diesel
2587,petrol
2588,petrol
2589,diesel
2590,petrol
2591,petrol
2592,petrol
2593,diesel
2594,petrol
2595,petrol
2596,petrol
2597,petrol
2598,petrol
2599,petrol
2600,petrol
2601,petrol
2602,diesel
2603,petrol
2604,petrol
2605,petrol
2606,petrol
2607,petrol
2608,petrol
2609,diesel
2610,petrol
2611,diesel
2612,petrol
2613,diesel
2614,petrol
2615,petrol
2616,petrol
2617,petrol
2618,petrol
2619,petrol
2620,petrol
2621,petrol
2622,petrol
2623,petrol
2624,petrol
2625,petrol
2626,diesel
2627,petrol
2628,petrol
2629,petrol
2630,petrol
2631,petrol
2632,petrol
2633,petrol
2634,petrol
2635,petrol
2636,petrol
2637,petrol
2638,diesel
2639,diesel
2640,petrol
2641,petrol
2642,petrol
2643,petrol
2644,petrol
2645,petrol
2646,petrol
2647,petrol
2648,petrol
2649,diesel
2650,petrol
2651,petrol
2652,diesel
2653,petrol
2654,petrol
2655,petrol
2656,petrol
2657,petrol
2658,petrol
2659,petrol
2660,petrol
2661,petrol
2662,petrol
2663,petrol
2664,petrol
2665,petrol
2666,petrol
2667,petrol
2668,petrol
2669,petrol
2670,diesel
2671,petrol
2672,petrol
2673,petrol
2674,petrol
2675,petrol
2676,petrol
2677,petrol
2678,petrol
2679,petrol
2680,petrol
2681,petrol
2682,petrol
2683,petrol
2684,petrol
2685,petrol
2686,petrol
2687,petrol
2688,petrol
2689,petrol
2690,petrol
2691,petrol
2692,petrol
2693,diesel
2694,petrol
2695,petrol
2696,petrol
2697,petrol
2698,petrol
2699,petrol
2700,petrol
2701,petrol
2702,diesel
2703,petrol
2704,diesel
2705,petrol
2706,petrol
2707,petrol
2708,petrol
2709,petrol
2710,petrol
2711,petrol
2712,petrol
2713,petrol
2714,diesel
2715,petrol
2716,petrol
2717,petrol
2718,petrol
2719,petrol
2720,petrol
2721,petrol
2722,petrol
2723,petrol
2724,petrol
2725,petrol
2726,diesel
2727,diesel
2728,petrol
2729,petrol
2730,diesel
2731,petrol
2732,petrol
2733,petrol
2734,petrol
2735,petrol
2736,petrol
2737,petrol
2738,petrol
2739,petrol
2740,diesel
2741,petrol
2742,petrol
2743,petrol
2744,petrol
2745,petrol
2746,petrol
2747,petrol
2748,petrol
2749,petrol
2750,petrol
2751,petrol
2752,petrol
2753,petrol
2754,petrol
2755,petrol
2756,petrol
2757,diesel
2758,petrol
2759,petrol
2760,petrol
2761,petrol
2762,petrol
2763,diesel
2764,petrol
2765,petrol
2766,petrol
2767,petrol
2768,diesel
2769,petrol
2770,diesel
2771,diesel
2772,petrol
2773,petrol
2774,petrol
2775,diesel
2776,petrol
2777,petrol
2778,petrol
2779,petrol
2780,petrol
2781,petrol
2782,petrol
2783,petrol
2784,petrol
2785,diesel
2786,petrol
2787,petrol
2788,petrol
2789,petrol
2790,petrol
2791,petrol
2792,petrol
2793,petrol
2794,petrol
2795,petrol
2796,petrol
2797,petrol
2798,petrol
2799,petrol
2800,diesel
2801,petrol
2802,petrol
2803,petrol
2804,diesel
2805,petrol
2806,petrol
2807,petrol
2808,petrol
2809,diesel
2810,petrol
2811,diesel
2812,petrol
2813,petrol
2814,petrol
2815,petrol
2816,automatic
2817,diesel
2818,petrol
2819,petrol
2820,diesel
2821,petrol
2822,petrol
2823,petrol
2824,petrol
2825,petrol
2826,petrol
2827,petrol
2828,diesel
2829,petrol
2830,petrol
2831,petrol
2832,petrol
2833,petrol
2834,petrol
2835,petrol
2836,diesel
2837,petrol
2838,petrol
2839,petrol
2840,petrol
2841,petrol
2842,petrol
2843,petrol
2844,petrol
2845,petrol
2846,petrol
2847,petrol
2848,petrol
2849,petrol
2850,petrol
2851,petrol
2852,petrol
2853,petrol
2854,petrol
2855,petrol
2856,petrol
2857,diesel
2858,petrol
2859,petrol
2860,petrol
2861,petrol
2862,petrol
2863,petrol
2864,petrol
2865,petrol
2866,petrol
2867,petrol
2868,petrol
2869,petrol
2870,diesel
2871,petrol
2872,petrol
2873,petrol
2874,petrol
2875,petrol
2876,petrol
2877,petrol
2878,petrol
2879,petrol
2880,petrol
2881,petrol
2882,petrol
2883,petrol
2884,petrol
2885,petrol
2886,petrol
2887,diesel
2888,petrol
2889,petrol
2890,diesel
2891,diesel
2892,petrol
2893,diesel
2894,petrol
2895,diesel
2896,diesel
2897,diesel
2898,petrol
2899,petrol
2900,petrol
2901,petrol
2902,petrol
2903,petrol
2904,petrol
2905,petrol
2906,petrol
2907,automatic
2908,petrol
2909,petrol
2910,petrol
2911,petrol
2912,diesel
2913,petrol
2914,petrol
2915,petrol
2916,petrol
2917,petrol
2918,petrol
2919,diesel
2920,petrol
2921,petrol
2922,petrol
2923,petrol
2924,petrol
2925,petrol
2926,petrol
2927,petrol
2928,petrol
2929,petrol
2930,petrol
2931,petrol
2932,diesel
2933,diesel
2934,petrol
2935,petrol
2936,petrol
2937,petrol
2938,petrol
2939,petrol
2940,petrol
2941,petrol
2942,petrol
2943,petrol
2944,automatic
2945,petrol
2946,petrol
2947,diesel
2948,petrol
2949,petrol
2950,petrol
2951,diesel
2952,diesel
2953,petrol
2954,petrol
2955,petrol
2956,petrol
2957,petrol
2958,diesel
2959,petrol
2960,diesel
2961,petrol
2962,diesel
2963,petrol
2964,petrol
2965,petrol
2966,petrol
2967,diesel
2968,petrol
2969,petrol
2970,petrol
2971,petrol
2972,petrol
2973,petrol
2974,petrol
2975,petrol
2976,petrol
2977,petrol
2978,petrol
2979,petrol
2980,petrol
2981,diesel
2982,petrol
2983,petrol
2984,diesel
2985,diesel
2986,petrol
2987,petrol
2988,petrol
2989,petrol
2990,petrol
2991,petrol
2992,petrol
2993,petrol
2994,petrol
2995,petrol
2996,petrol
2997,petrol
2998,petrol
2999,petrol
3000,petrol
3001,petrol
3002,petrol
3003,petrol
3004,petrol
3005,petrol
3006,petrol
3007,petrol
3008,petrol
3009,petrol
3010,petrol
3011,petrol
3012,petrol
3013,petrol
3014,diesel
3015,petrol
3016,petrol
3017,petrol
3018,petrol
3019,petrol
3020,petrol
3021,petrol
3022,petrol
3023,petrol
3024,petrol
3025,petrol
3026,petrol
3027,petrol
3028,petrol
3029,petrol
3030,petrol
3031,petrol
3032,petrol
3033,diesel
3034,petrol
3035,petrol
3036,petrol
3037,petrol
3038,petrol
3039,petrol
3040,petrol
3041,petrol
3042,petrol
3043,petrol
3044,diesel
3045,petrol
3046,diesel
3047,petrol
3048,petrol
3049,petrol
3050,petrol
3051,petrol
3052,petrol
3053,petrol
3054,petrol
3055,petrol
3056,diesel
3057,petrol
3058,petrol
3059,petrol
3060,petrol
3061,petrol
3062,petrol
3063,petrol
3064,petrol
3065,petrol
3066,petrol
3067,petrol
3068,petrol
3069,petrol
3070,petrol
3071,diesel
3072,petrol
3073,petrol
3074,petrol
3075,petrol
3076,petrol
3077,diesel
3078,diesel
3079,petrol
3080,petrol
3081,petrol
3082,petrol
3083,petrol
3084,petrol
3085,petrol
3086,petrol
3087,petrol
3088,petrol
3089,petrol
3090,petrol
3091,petrol
3092,petrol
3093,petrol
3094,petrol
3095,petrol
3096,petrol
3097,petrol
3098,petrol
3099,petrol
3100,petrol
3101,petrol
3102,petrol
3103,petrol
3104,petrol
3105,petrol
3106,diesel
3107,petrol
3108,petrol
3109,petrol
3110,diesel
3111,petrol
3112,petrol
3113,petrol
3114,petrol
3115,diesel
3116,petrol
3117,petrol
3118,diesel
3119,diesel
3120,petrol
3121,diesel
3122,petrol
3123,diesel
3124,petrol
3125,petrol
3126,petrol
3127,petrol
3128,petrol
3129,petrol
3130,petrol
3131,petrol
3132,petrol
3133,petrol
3134,petrol
3135,diesel
3136,petrol
3137,petrol
3138,diesel
3139,petrol
3140,petrol
3141,petrol
3142,petrol
3143,petrol
3144,petrol
3145,petrol
3146,petrol
3147,petrol
3148,petrol
3149,petrol
3150,petrol
3151,petrol
3152,petrol
3153,petrol
3154,petrol
3155,petrol
3156,diesel
3157,automatic
3158,petrol
3159,petrol
3160,petrol
3161,petrol
3162,diesel
3163,petrol
3164,petrol
3165,petrol
3166,petrol
3167,petrol
3168,petrol
3169,petrol
3170,petrol
3171,petrol
3172,petrol
3173,petrol
3174,petrol
3175,petrol
3176,petrol
3177,diesel
3178,petrol
3179,diesel
3180,petrol
3181,petrol
3182,diesel
3183,petrol
3184,petrol
3185,petrol
3186,diesel
3187,petrol
3188,diesel
3189,petrol
3190,petrol
3191,petrol
3192,petrol
3193,petrol
3194,petrol
3195,petrol
3196,petrol
3197,petrol
3198,diesel
3199,diesel
3200,petrol
3201,petrol
3202,petrol
3203,petrol
3204,petrol
3205,diesel
3206,petrol
3207,petrol
3208,petrol
3209,petrol
3210,petrol
3211,petrol
3212,petrol
3213,petrol
3214,petrol
3215,petrol
3216,petrol
3217,petrol
3218,petrol
3219,petrol
3220,diesel
3221,petrol
3222,petrol
3223,petrol
3224,petrol
3225,petrol
3226,diesel
3227,petrol
3228,petrol
3229,petrol
3230,petrol
3231,petrol
3232,petrol
3233,petrol
3234,petrol
3235,petrol
3236,petrol
3237,diesel
3238,petrol
3239,petrol
3240,petrol
3241,petrol
3242,petrol
3243,petrol
3244,petrol
3245,petrol
3246,petrol
3247,petrol
3248,petrol
3249,petrol
3250,petrol
3251,diesel
3252,petrol
3253,petrol
3254,petrol
3255,petrol
3256,petrol
3257,diesel
3258,petrol
3259,petrol
3260,petrol
3261,petrol
3262,diesel
3263,petrol
3264,petrol
3265,petrol
3266,petrol
3267,petrol
3268,petrol
3269,petrol
3270,petrol
3271,petrol
3272,petrol
3273,petrol
3274,automatic
3275,petrol
3276,diesel
3277,petrol
3278,diesel
3279,petrol
3280,petrol
3281,diesel
3282,diesel
3283,petrol
3284,petrol
3285,petrol
3286,petrol
3287,petrol
3288,petrol
3289,petrol
3290,diesel
3291,diesel
3292,petrol
3293,petrol
3294,petrol
3295,petrol
3296,petrol
3297,petrol
3298,diesel
3299,automatic
3300,petrol
3301,petrol
3302,petrol
3303,petrol
3304,petrol
3305,petrol
3306,petrol
3307,petrol
3308,petrol
3309,petrol
3310,petrol
3311,petrol
3312,petrol
3313,diesel
3314,petrol
3315,petrol
3316,petrol
3317,petrol
3318,petrol
3319,petrol
3320,petrol
3321,petrol
3322,petrol
3323,diesel
3324,petrol
3325,petrol
3326,petrol
3327,petrol
3328,petrol
3329,petrol
3330,petrol
3331,petrol
3332,petrol
3333,petrol
3334,petrol
3335,petrol
3336,petrol
3337,petrol
3338,petrol
3339,diesel
3340,petrol
3341,petrol
3342,diesel
3343,petrol
3344,petrol
3345,petrol
3346,petrol
3347,petrol
3348,petrol
3349,petrol
3350,petrol
3351,petrol
3352,petrol
3353,petrol
3354,petrol
3355,petrol
3356,petrol
3357,petrol
3358,petrol
3359,petrol
3360,petrol
3361,diesel
3362,petrol
3363,petrol
3364,petrol
3365,petrol
3366,petrol
3367,petrol
3368,petrol
3369,petrol
3370,petrol
3371,petrol
3372,petrol
3373,diesel
3374,petrol
3375,petrol
3376,petrol
3377,diesel
3378,petrol
3379,petrol
3380,petrol
3381,petrol
3382,petrol
3383,petrol
3384,petrol
3385,petrol
3386,petrol
3387,petrol
3388,petrol
3389,petrol
3390,diesel
3391,petrol
3392,petrol
3393,petrol
3394,petrol
3395,petrol
3396,petrol
3397,petrol
3398,petrol
3399,petrol
3400,petrol
3401,petrol
3402,diesel
3403,petrol
3404,petrol
3405,petrol
3406,diesel
3407,petrol
3408,petrol
3409,petrol
3410,diesel
3411,petrol
3412,petrol
3413,petrol
3414,petrol
3415,petrol
3416,petrol
3417,petrol
3418,petrol
3419,petrol
3420,petrol
3421,petrol
3422,petrol
3423,petrol
3424,petrol
3425,petrol
3426,petrol
3427,petrol
3428,petrol
3429,petrol
3430,petrol
3431,petrol
3432,petrol
3433,petrol
3434,petrol
3435,petrol
3436,petrol
3437,petrol
3438,petrol
3439,petrol
3440,petrol
3441,petrol
3442,petrol
3443,petrol
3444,petrol
3445,petrol
3446,petrol
3447,diesel
3448,petrol
3449,petrol
3450,diesel
3451,diesel
3452,diesel
3453,petrol
3454,petrol
3455,petrol
3456,petrol
3457,petrol
3458,petrol
3459,petrol
3460,petrol
3461,petrol
3462,petrol
3463,petrol
3464,petrol
3465,petrol
3466,diesel
3467,diesel
3468,petrol
3469,petrol
3470,diesel
3471,petrol
3472,diesel
3473,petrol
3474,petrol
3475,diesel
3476,petrol
3477,petrol
3478,diesel
3479,petrol
3480,petrol
3481,petrol
3482,petrol
3483,petrol
3484,petrol
3485,petrol
3486,petrol
3487,diesel
3488,petrol
3489,petrol
3490,petrol
3491,petrol
3492,petrol
3493,petrol
3494,petrol
3495,petrol
3496,petrol
3497,petrol
3498,petrol
3499,automatic
3500,petrol
3501,petrol
3502,petrol
3503,diesel
3504,petrol
3505,petrol
3506,petrol
3507,petrol
3508,petrol
3509,petrol
3510,petrol
3511,diesel
3512,petrol
3513,petrol
3514,petrol
3515,petrol
3516,petrol
3517,petrol
3518,petrol
3519,petrol
3520,petrol
3521,diesel
3522,diesel
3523,petrol
3524,petrol
3525,diesel
3526,petrol
3527,petrol
3528,petrol
3529,petrol
3530,petrol
3531,petrol
3532,petrol
3533,petrol
3534,petrol
3535,petrol
3536,diesel
3537,petrol
3538,petrol
3539,petrol
3540,petrol
3541,diesel
3542,petrol
3543,petrol
3544,petrol
3545,petrol
3546,diesel
3547,petrol
3548,petrol
3549,petrol
3550,petrol
3551,petrol
3552,petrol
3553,petrol
3554,petrol
3555,petrol
3556,petrol
3557,petrol
3558,petrol
3559,petrol
3560,petrol
3561,petrol
3562,petrol
3563,petrol
3564,petrol
3565,petrol
3566,petrol
3567,diesel
3568,petrol
3569,petrol
3570,petrol
3571,petrol
3572,petrol
3573,petrol
3574,diesel
3575,petrol
3576,diesel
3577,petrol
3578,petrol
3579,petrol
3580,petrol
3581,petrol
3582,petrol
3583,petrol
3584,petrol
3585,petrol
3586,petrol
3587,petrol
3588,petrol
3589,petrol
3590,petrol
3591,diesel
3592,petrol
3593,petrol
3594,diesel
3595,petrol
3596,petrol
3597,diesel
3598,petrol
3599,diesel
3600,petrol
3601,petrol
3602,petrol
3603,petrol
3604,petrol
3605,petrol
3606,petrol
3607,diesel
3608,petrol
3609,petrol
3610,petrol
3611,petrol
3612,petrol
3613,diesel
3614,petrol
3615,petrol
3616,petrol
3617,petrol
3618,petrol
3619,petrol
3620,petrol
3621,petrol
3622,petrol
3623,petrol
3624,petrol
3625,petrol
3626,petrol
3627,diesel
3628,petrol
3629,petrol
3630,petrol
3631,petrol
3632,petrol
3633,diesel
3634,petrol
3635,petrol
3636,petrol
3637,petrol
3638,petrol
3639,petrol
3640,petrol
3641,petrol
3642,petrol
3643,petrol
3644,diesel
3645,petrol
3646,petrol
3647,petrol
3648,petrol
3649,petrol
3650,petrol
3651,petrol
3652,petrol
3653,petrol
3654,petrol
3655,petrol
3656,petrol
3657,diesel
3658,petrol
3659,petrol
3660,petrol
3661,petrol
3662,petrol
3663,petrol
3664,petrol
3665,petrol
3666,petrol
3667,petrol
3668,petrol
3669,petrol
3670,petrol
3671,petrol
3672,petrol
3673,petrol
3674,diesel
3675,petrol
3676,petrol
3677,petrol
3678,petrol
3679,petrol
3680,petrol
3681,petrol
3682,petrol
3683,petrol
3684,petrol
3685,petrol
3686,petrol
3687,diesel
3688,petrol
3689,petrol
3690,petrol
3691,petrol
3692,petrol
3693,petrol
3694,petrol
3695,petrol
3696,diesel
3697,petrol
3698,petrol
3699,petrol
3700,petrol
3701,petrol
3702,petrol
3703,petrol
3704,diesel
3705,petrol
3706,petrol
3707,petrol
3708,petrol
3709,petrol
3710,petrol
3711,petrol
3712,petrol
3713,petrol
3714,petrol
3715,petrol
3716,petrol
3717,petrol
3718,petrol
3719,petrol
3720,petrol
3721,diesel
3722,diesel
3723,petrol
3724,petrol
3725,petrol
3726,petrol
3727,petrol
3728,petrol
3729,petrol
3730,petrol
3731,petrol
3732,diesel
3733,petrol
3734,petrol
3735,petrol
3736,petrol
3737,petrol
3738,petrol
3739,petrol
3740,petrol
3741,petrol
3742,petrol
3743,petrol
3744,petrol
3745,petrol
3746,petrol
3747,petrol
3748,petrol
3749,petrol
3750,petrol
3751,petrol
3752,petrol
3753,petrol
3754,petrol
3755,petrol
3756,diesel
3757,petrol
3758,petrol
3759,petrol
3760,petrol
3761,petrol
3762,petrol
3763,petrol
3764,petrol
3765,diesel
3766,petrol
3767,petrol
3768,petrol
3769,petrol
3770,petrol
3771,petrol
3772,petrol
3773,diesel
3774,petrol
3775,diesel
3776,petrol
3777,petrol
3778,diesel
3779,diesel
3780,petrol
3781,petrol
3782,petrol
3783,petrol
3784,petrol
3785,petrol
3786,petrol
3787,petrol
3788,petrol
3789,petrol
3790,petrol
3791,petrol
3792,petrol
3793,petrol
3794,diesel
3795,petrol
3796,petrol
3797,petrol
3798,petrol
3799,petrol
3800,diesel
3801,diesel
3802,diesel
3803,petrol
3804,petrol
3805,petrol
3806,petrol
3807,petrol
3808,petrol
3809,petrol
3810,petrol
3811,petrol
3812,petrol
3813,petrol
3814,petrol
3815,petrol
3816,petrol
3817,petrol
3818,diesel
3819,diesel
3820,petrol
3821,petrol
3822,petrol
3823,petrol
3824,petrol
3825,automatic
3826,petrol
3827,petrol
3828,petrol
3829,petrol
3830,petrol
3831,petrol
3832,diesel
3833,petrol
3834,petrol
3835,diesel
3836,petrol
3837,petrol
3838,petrol
3839,petrol
3840,petrol
3841,petrol
3842,petrol
3843,petrol
3844,petrol
3845,petrol
3846,petrol
3847,petrol
3848,diesel
3849,diesel
3850,petrol
3851,petrol
3852,petrol
3853,petrol
3854,petrol
3855,petrol
3856,petrol
3857,petrol
3858,petrol
3859,petrol
3860,petrol
3861,petrol
3862,petrol
3863,petrol
3864,petrol
3865,petrol
3866,diesel
3867,petrol
3868,petrol
3869,petrol
3870,petrol
3871,petrol
3872,petrol
3873,diesel
3874,petrol
3875,petrol
3876,petrol
3877,petrol
3878,petrol
3879,petrol
3880,petrol
3881,petrol
3882,petrol
3883,petrol
3884,petrol
3885,petrol
3886,petrol
3887,petrol
3888,diesel
3889,petrol
3890,petrol
3891,petrol
3892,petrol
3893,petrol
3894,petrol
3895,diesel
3896,diesel
3897,petrol
3898,petrol
3899,diesel
3900,petrol
3901,petrol
3902,petrol
3903,petrol
3904,diesel
3905,petrol
3906,petrol
3907,petrol
3908,petrol
3909,petrol
3910,diesel
3911,petrol
3912,petrol
3913,petrol
3914,petrol
3915,petrol
3916,petrol
3917,petrol
3918,petrol
3919,petrol
3920,petrol
3921,petrol
3922,petrol
3923,diesel
3924,petrol
3925,petrol
3926,petrol
3927,petrol
3928,petrol
3929,petrol
3930,petrol
3931,petrol
3932,petrol
3933,petrol
3934,petrol
3935,petrol
3936,petrol
3937,petrol
3938,petrol
3939,petrol
3940,petrol
3941,petrol
3942,petrol
3943,petrol
3944,petrol
3945,petrol
3946,petrol
3947,diesel
3948,petrol
3949,petrol
3950,petrol
3951,petrol
3952,petrol
3953,petrol
3954,petrol
3955,petrol
3956,diesel
3957,petrol
3958,petrol
3959,petrol
3960,petrol
3961,petrol
3962,petrol
3963,petrol
3964,petrol
3965,petrol
3966,petrol
3967,petrol
3968,petrol
3969,petrol
3970,petrol
3971,petrol
3972,petrol
3973,petrol
3974,petrol
3975,petrol
3976,petrol
3977,diesel
3978,petrol
3979,petrol
3980,petrol
3981,petrol
3982,petrol
3983,petrol
3984,petrol
3985,petrol
3986,diesel
3987,petrol
3988,petrol
3989,petrol
3990,petrol
3991,petrol
3992,petrol
3993,petrol
3994,petrol
3995,petrol
3996,petrol
3997,petrol
3998,petrol
3999,petrol
4000,diesel
4001,petrol
4002,petrol
4003,petrol
4004,petrol
4005,petrol
4006,petrol
4007,petrol
4008,petrol
4009,petrol
4010,petrol
4011,diesel
4012,petrol
4013,petrol
4014,petrol
4015,petrol
4016,petrol
4017,petrol
4018,petrol
4019,petrol
4020,petrol
4021,petrol
4022,petrol
4023,diesel
4024,petrol
4025,petrol
4026,petrol
4027,petrol
4028,petrol
4029,petrol
4030,diesel
4031,petrol
4032,petrol
4033,petrol
4034,petrol
4035,petrol
4036,diesel
4037,petrol
4038,petrol
4039,diesel
4040,petrol
4041,petrol
4042,petrol
4043,petrol
4044,petrol
4045,petrol
4046,petrol
4047,petrol
4048,petrol
4049,petrol
4050,petrol
4051,petrol
4052,petrol
4053,petrol
4054,petrol
4055,petrol
4056,petrol
4057,petrol
4058,petrol
4059,petrol
4060,petrol
4061,petrol
4062,petrol
4063,petrol
4064,diesel
4065,petrol
4066,petrol
4067,petrol
4068,petrol
4069,petrol
4070,diesel
4071,petrol
4072,petrol
4073,petrol
4074,petrol
4075,petrol
4076,petrol
4077,petrol
4078,petrol
4079,diesel
4080,diesel
4081,petrol
4082,petrol
4083,petrol
4084,petrol
4085,petrol
4086,petrol
4087,petrol
4088,petrol
4089,petrol
4090,petrol
4091,petrol
4092,petrol
4093,diesel
4094,petrol
4095,diesel
4096,petrol
4097,petrol
4098,petrol
4099,diesel
4100,petrol
4101,petrol
4102,diesel
4103,petrol
4104,petrol
4105,petrol
4106,petrol
4107,petrol
4108,petrol
4109,petrol
4110,petrol
4111,petrol
4112,petrol
4113,petrol
4114,petrol
4115,petrol
4116,petrol
4117,petrol
4118,petrol
4119,petrol
4120,petrol
4121,petrol
4122,diesel
4123,petrol
4124,petrol
4125,petrol
4126,petrol
4127,petrol
4128,diesel
4129,petrol
4130,diesel
4131,diesel
4132,petrol
4133,petrol
4134,petrol
4135,petrol
4136,petrol
4137,petrol
4138,petrol
4139,petrol
4140,petrol
4141,petrol
4142,petrol
4143,petrol
4144,diesel
4145,petrol
4146,petrol
4147,petrol
4148,petrol
4149,petrol
4150,petrol
4151,automatic
4152,petrol
4153,petrol
4154,petrol
4155,petrol
4156,petrol
4157,petrol
4158,petrol
4159,petrol
4160,petrol
4161,petrol
4162,petrol
4163,petrol
4164,petrol
4165,petrol
4166,petrol
4167,diesel
4168,petrol
4169,petrol
4170,petrol
4171,petrol
4172,petrol
4173,diesel
4174,petrol
4175,petrol
4176,petrol
4177,petrol
4178,petrol
4179,petrol
4180,diesel
4181,petrol
4182,petrol
4183,petrol
4184,petrol
4185,petrol
4186,petrol
4187,petrol
4188,diesel
4189,petrol
4190,petrol
4191,petrol
4192,petrol
4193,diesel
4194,diesel
4195,petrol
4196,petrol
4197,petrol
4198,petrol
4199,petrol
4200,petrol
4201,diesel
4202,petrol
4203,petrol
4204,petrol
4205,petrol
4206,petrol
4207,petrol
4208,petrol
4209,petrol
4210,petrol
4211,diesel
4212,petrol
4213,petrol
4214,petrol
4215,petrol
4216,petrol
4217,petrol
4218,petrol
4219,petrol
4220,petrol
4221,petrol
4222,petrol
4223,petrol
4224,diesel
4225,petrol
4226,petrol
4227,petrol
4228,petrol
4229,petrol
4230,petrol
4231,petrol
4232,petrol
4233,petrol
4234,petrol
4235,petrol
4236,petrol
4237,petrol
4238,petrol
4239,petrol
4240,petrol
4241,petrol
4242,petrol
4243,petrol
4244,petrol
4245,petrol
4246,petrol
4247,petrol
4248,petrol
4249,petrol
4250,petrol
4251,petrol
4252,petrol
4253,petrol
4254,petrol
4255,petrol
4256,petrol
4257,petrol
4258,petrol
4259,petrol
4260,petrol
4261,petrol
4262,petrol
4263,petrol
4264,diesel
4265,petrol
4266,petrol
4267,petrol
4268,petrol
4269,petrol
4270,petrol
4271,petrol
4272,petrol
4273,petrol
4274,diesel
4275,petrol
4276,petrol
4277,petrol
4278,petrol
4279,petrol
4280,petrol
4281,petrol
4282,petrol
4283,petrol
4284,petrol
4285,petrol
4286,petrol
4287,petrol
4288,petrol
4289,petrol
4290,petrol
4291,petrol
4292,petrol
4293,petrol
4294,petrol
4295,petrol
4296,petrol
4297,diesel
4298,petrol
4299,petrol
4300,diesel
4301,petrol
4302,petrol
4303,petrol
4304,diesel
4305,petrol
4306,petrol
4307,petrol
4308,petrol
4309,petrol
4310,petrol
4311,petrol
4312,petrol
4313,diesel
4314,petrol
4315,petrol
4316,petrol
4317,petrol
4318,petrol
4319,petrol
4320,petrol
4321,petrol
4322,petrol
4323,petrol
4324,petrol
4325,diesel
4326,petrol
4327,diesel
4328,petrol
4329,petrol
4330,petrol
4331,petrol
4332,petrol
4333,petrol
4334,petrol
4335,petrol
4336,petrol
4337,petrol
4338,petrol
4339,petrol
4340,petrol
4341,petrol
4342,petrol
4343,petrol
4344,petrol
4345,petrol
4346,petrol
4347,petrol
4348,petrol
4349,petrol
4350,diesel
4351,petrol
4352,petrol
4353,petrol
4354,diesel
4355,petrol
4356,diesel
4357,petrol
4358,petrol
4359,petrol
4360,petrol
4361,petrol
4362,petrol
4363,petrol
4364,petrol
4365,petrol
4366,petrol
4367,petrol
4368,petrol
4369,petrol
4370,petrol
4371,petrol
4372,petrol
4373,petrol
4374,petrol
4375,petrol
4376,petrol
4377,petrol
4378,petrol
4379,petrol
4380,diesel
4381,petrol
4382,petrol
4383,petrol
4384,petrol
4385,petrol
4386,petrol
4387,diesel
4388,petrol
4389,petrol
4390,petrol
4391,petrol
4392,petrol
4393,petrol
4394,petrol
4395,petrol
4396,petrol
4397,petrol
4398,petrol
4399,petrol
4400,petrol
4401,petrol
4402,petrol
4403,petrol
4404,petrol
4405,petrol
4406,diesel
4407,petrol
4408,petrol
4409,petrol
4410,petrol
4411,diesel
4412,petrol
4413,diesel
4414,petrol
4415,petrol
4416,petrol
4417,petrol
4418,petrol
4419,petrol
4420,petrol
4421,petrol
4422,petrol
4423,petrol
4424,diesel
4425,diesel
4426,petrol
4427,petrol
4428,petrol
4429,petrol
4430,petrol
4431,petrol
4432,petrol
4433,petrol
4434,diesel
4435,petrol
4436,diesel
4437,petrol
4438,petrol
4439,petrol
4440,petrol
4441,petrol
4442,petrol
4443,petrol
4444,petrol
4445,petrol
4446,petrol
4447,petrol
4448,petrol
4449,petrol
4450,diesel
4451,petrol
4452,petrol
4453,diesel
4454,petrol
4455,petrol
4456,petrol
4457,petrol
4458,petrol
4459,petrol
4460,petrol
4461,petrol
4462,petrol
4463,petrol
4464,petrol
4465,petrol
4466,petrol
4467,diesel
4468,petrol
4469,petrol
4470,diesel
4471,petrol
4472,petrol
4473,petrol
4474,petrol
4475,petrol
4476,petrol
4477,petrol
4478,petrol
4479,petrol
4480,petrol
4481,petrol
4482,petrol
4483,diesel
4484,petrol
4485,petrol
4486,petrol
4487,petrol
4488,petrol
4489,petrol
4490,petrol
4491,petrol
4492,petrol
4493,petrol
4494,automatic
4495,petrol
4496,petrol
4497,petrol
4498,petrol
4499,diesel
4500,petrol
4501,diesel
4502,petrol
4503,petrol
4504,petrol
4505,petrol
4506,petrol
4507,petrol
4508,petrol
4509,petrol
4510,petrol
4511,petrol
4512,petrol
4513,petrol
4514,petrol
4515,petrol
4516,petrol
4517,diesel
4518,petrol
4519,petrol
4520,petrol
4521,petrol
4522,petrol
4523,petrol
4524,petrol
4525,petrol
4526,petrol
4527,petrol
4528,petrol
4529,petrol
4530,petrol
4531,petrol
4532,petrol
4533,petrol
4534,petrol
4535,petrol
4536,petrol
4537,petrol
4538,petrol
4539,petrol
4540,diesel
4541,petrol
4542,petrol
4543,petrol
4544,petrol
4545,petrol
4546,petrol
4547,petrol
4548,petrol
4549,petrol
4550,petrol
4551,petrol
4552,petrol
4553,petrol
4554,petrol
4555,diesel
4556,petrol
4557,petrol
4558,petrol
4559,petrol
4560,petrol
4561,petrol
4562,petrol
4563,petrol
4564,petrol
4565,petrol
4566,petrol
4567,petrol
4568,petrol
4569,petrol
4570,petrol
4571,petrol
4572,petrol
4573,petrol
4574,diesel
4575,petrol
4576,petrol
4577,petrol
4578,petrol
4579,petrol
4580,petrol
4581,petrol
4582,petrol
4583,petrol
4584,petrol
4585,diesel
4586,petrol
4587,petrol
4588,diesel
4589,petrol
4590,diesel
4591,petrol
4592,petrol
4593,petrol
4594,petrol
4595,petrol
4596,petrol
4597,petrol
4598,petrol
4599,petrol
4600,petrol
4601,petrol
4602,petrol
4603,petrol
4604,petrol
4605,petrol
4606,petrol
4607,petrol
4608,petrol
4609,petrol
4610,petrol
4611,diesel
4612,petrol
4613,petrol
4614,diesel
4615,petrol
4616,petrol
4617,diesel
4618,petrol
4619,petrol
4620,petrol
4621,petrol
4622,petrol
4623,petrol
4624,petrol
4625,petrol
4626,petrol
4627,petrol
4628,petrol
4629,petrol
4630,petrol
4631,petrol
4632,petrol
4633,diesel
4634,petrol
4635,petrol
4636,petrol
4637,petrol
4638,petrol
4639,diesel
4640,petrol
4641,petrol
4642,petrol
4643,petrol
4644,petrol
4645,petrol
4646,petrol
4647,petrol
4648,petrol
4649,petrol
4650,petrol
4651,petrol
4652,petrol
4653,petrol
4654,petrol
4655,petrol
4656,petrol
4657,petrol
4658,petrol
4659,petrol
4660,petrol
4661,petrol
4662,petrol
4663,petrol
4664,petrol
4665,petrol
4666,petrol
4667,petrol
4668,petrol
4669,petrol
4670,petrol
4671,petrol
4672,petrol
4673,petrol
4674,petrol
4675,petrol
4676,petrol
4677,petrol
4678,petrol
4679,petrol
4680,petrol
4681,diesel
4682,diesel
4683,petrol
4684,petrol
4685,petrol
4686,petrol
4687,petrol
4688,petrol
4689,petrol
4690,petrol
4691,petrol
4692,petrol
4693,petrol
4694,diesel
4695,petrol
4696,petrol
4697,petrol
4698,petrol
4699,petrol
4700,diesel
4701,petrol
4702,petrol
4703,diesel
4704,diesel
4705,petrol
4706,petrol
4707,petrol
4708,petrol
4709,petrol
4710,petrol
4711,petrol
4712,petrol
4713,petrol
4714,petrol
4715,petrol
4716,petrol
4717,petrol
4718,petrol
4719,petrol
4720,petrol
4721,petrol
4722,petrol
4723,petrol
4724,diesel
4725,diesel
4726,petrol
4727,petrol
4728,diesel
4729,diesel
4730,petrol
4731,petrol
4732,petrol
4733,petrol
4734,petrol
4735,petrol
4736,diesel
4737,petrol
4738,petrol
4739,petrol
4740,petrol
4741,petrol
4742,diesel
4743,petrol
4744,petrol
4745,petrol
4746,petrol
4747,petrol
4748,petrol
4749,petrol
4750,petrol
4751,petrol
4752,petrol
4753,petrol
4754,petrol
4755,petrol
4756,petrol
4757,petrol
4758,petrol
4759,petrol
4760,diesel
4761,petrol
4762,petrol
4763,petrol
4764,petrol
4765,petrol
4766,petrol
4767,petrol
4768,petrol
4769,petrol
4770,diesel
4771,petrol
4772,petrol
4773,petrol
4774,petrol
4775,petrol
4776,petrol
4777,petrol
4778,petrol
4779,petrol
4780,petrol
4781,petrol
4782,petrol
4783,petrol
4784,petrol
4785,petrol
4786,petrol
4787,petrol
4788,petrol
4789,petrol
4790,petrol
4791,petrol
4792,petrol
4793,petrol
4794,petrol
4795,petrol
4796,petrol
4797,petrol
4798,petrol
4799,petrol
4800,petrol
4801,petrol
4802,petrol
4803,petrol
4804,petrol
4805,petrol
4806,petrol
4807,diesel
4808,petrol
4809,petrol
4810,petrol
4811,petrol
4812,petrol
4813,petrol
4814,petrol
4815,petrol
4816,diesel
4817,petrol
4818,petrol
4819,petrol
4820,petrol
4821,petrol
4822,petrol
4823,petrol
4824,petrol
4825,petrol
4826,petrol
4827,petrol
4828,petrol
4829,petrol
4830,diesel
4831,petrol
4832,petrol
4833,petrol
4834,petrol
4835,petrol
4836,petrol
4837,petrol
4838,petrol
4839,petrol
4840,petrol
4841,petrol
4842,petrol
4843,petrol
4844,petrol
4845,petrol
4846,petrol
4847,petrol
4848,petrol
4849,diesel
4850,petrol
4851,petrol
4852,diesel
4853,petrol
4854,petrol
4855,petrol
4856,petrol
4857,petrol
4858,petrol
4859,petrol
4860,petrol
4861,petrol
4862,petrol
4863,petrol
4864,diesel
4865,petrol
4866,petrol
4867,petrol
4868,petrol
4869,diesel
4870,petrol
4871,petrol
4872,petrol
4873,petrol
4874,petrol
4875,petrol
4876,petrol
4877,petrol
4878,petrol
4879,petrol
4880,petrol
4881,petrol
4882,petrol
4883,petrol
4884,petrol
4885,petrol
4886,petrol
4887,petrol
4888,petrol
4889,petrol
4890,petrol
4891,petrol
4892,petrol
4893,diesel
4894,petrol
4895,petrol
4896,petrol
4897,diesel
4898,diesel
4899,petrol
4900,petrol
4901,petrol
4902,petrol
4903,petrol
4904,petrol
4905,petrol
4906,petrol
4907,petrol
4908,petrol
4909,petrol
4910,petrol
4911,petrol
4912,diesel
4913,petrol
4914,petrol
4915,petrol
4916,petrol
4917,petrol
4918,petrol
4919,petrol
4920,petrol
4921,petrol
4922,petrol
4923,petrol
4924,petrol
4925,petrol
4926,petrol
4927,petrol
4928,petrol
4929,petrol
4930,petrol
4931,petrol
4932,petrol
4933,petrol
4934,petrol
4935,petrol
4936,petrol
4937,petrol
4938,petrol
4939,petrol
4940,petrol
4941,petrol
4942,petrol
4943,diesel
4944,petrol
4945,petrol
4946,petrol
4947,petrol
4948,petrol
4949,petrol
4950,petrol
4951,diesel
4952,petrol
4953,petrol
4954,petrol
4955,petrol
4956,petrol
4957,petrol
4958,petrol
4959,diesel
4960,petrol
4961,petrol
4962,petrol
4963,petrol
4964,diesel
4965,petrol
4966,petrol
4967,petrol
4968,petrol
4969,petrol
4970,petrol
4971,petrol
4972,petrol
4973,petrol
4974,diesel
4975,petrol
4976,petrol
4977,petrol
4978,petrol
4979,petrol
4980,petrol
4981,petrol
4982,petrol
4983,diesel
4984,petrol
4985,diesel
4986,petrol
4987,diesel
4988,petrol
4989,petrol
4990,petrol
4991,petrol
4992,petrol
4993,petrol
4994,petrol
4995,petrol
4996,petrol
4997,petrol
4998,petrol
4999,petrol
5000,petrol
5001,petrol
5002,petrol
5003,petrol
5004,petrol
5005,petrol
5006,petrol
5007,petrol
5008,petrol
5009,petrol
5010,petrol
5011,diesel
5012,petrol
5013,diesel
5014,petrol
5015,petrol
5016,diesel
5017,petrol
5018,petrol
5019,petrol
5020,petrol
5021,petrol
5022,diesel
5023,petrol
5024,petrol
5025,diesel
5026,petrol
5027,petrol
5028,petrol
5029,petrol
5030,petrol
5031,diesel
5032,petrol
5033,petrol
5034,petrol
5035,petrol
5036,petrol
5037,petrol
5038,petrol
5039,petrol
5040,petrol
5041,petrol
5042,petrol
5043,petrol
5044,petrol
5045,petrol
5046,petrol
5047,petrol
5048,petrol
5049,petrol
5050,petrol
5051,petrol
5052,petrol
5053,petrol
5054,petrol
5055,petrol
5056,petrol
5057,petrol
5058,petrol
5059,petrol
5060,petrol
5061,petrol
5062,petrol
5063,petrol
5064,petrol
5065,petrol
5066,petrol
5067,petrol
5068,petrol
5069,petrol
5070,petrol
5071,diesel
5072,diesel
5073,petrol
5074,petrol
5075,petrol
5076,petrol
5077,petrol
5078,petrol
5079,petrol
5080,diesel
5081,petrol
5082,petrol
5083,petrol
5084,petrol
5085,petrol
5086,petrol
5087,petrol
5088,petrol
5089,petrol
5090,petrol
5091,petrol
5092,petrol
5093,petrol
5094,petrol
5095,petrol
5096,petrol
5097,petrol
5098,petrol
5099,petrol
5100,petrol
5101,petrol
5102,petrol
5103,petrol
5104,petrol
5105,petrol
5106,petrol
5107,petrol
5108,petrol
5109,diesel
5110,petrol
5111,petrol
5112,diesel
5113,petrol
5114,petrol
5115,petrol
5116,petrol
5117,petrol
5118,petrol
5119,petrol
5120,petrol
5121,petrol
5122,petrol
5123,petrol
5124,petrol
5125,petrol
5126,diesel
5127,petrol
5128,petrol
5129,petrol
5130,petrol
5131,petrol
5132,petrol
5133,petrol
5134,petrol
5135,petrol
5136,petrol
5137,petrol
5138,petrol
5139,petrol
5140,petrol
5141,petrol
5142,petrol
5143,petrol
5144,petrol
5145,petrol
5146,petrol
5147,petrol
5148,petrol
5149,petrol
5150,petrol
5151,petrol
5152,petrol
5153,diesel
5154,petrol
5155,petrol
5156,petrol
5157,diesel
5158,petrol
5159,petrol
5160,petrol
5161,petrol
5162,petrol
5163,petrol
5164,petrol
5165,diesel
5166,petrol
5167,petrol
5168,petrol
5169,petrol
5170,petrol
5171,petrol
5172,petrol
5173,petrol
5174,diesel
5175,petrol
5176,petrol
5177,petrol
5178,petrol
5179,petrol
5180,petrol
5181,petrol
5182,diesel
5183,petrol
5184,petrol
5185,petrol
5186,petrol
5187,petrol
5188,petrol
5189,petrol
5190,petrol
5191,petrol
5192,petrol
5193,petrol
5194,petrol
5195,petrol
5196,diesel
5197,petrol
5198,petrol
5199,petrol
5200,diesel
5201,petrol
5202,petrol
5203,petrol
5204,petrol
5205,petrol
5206,petrol
5207,petrol
5208,petrol
5209,petrol
5210,diesel
5211,petrol
5212,petrol
5213,petrol
5214,petrol
5215,petrol
5216,petrol
5217,petrol
5218,petrol
5219,petrol
5220,petrol
5221,petrol
5222,diesel
5223,petrol
5224,petrol
5225,petrol
5226,petrol
5227,petrol
5228,petrol
5229,petrol
5230,diesel
5231,petrol
5232,petrol
5233,petrol
5234,petrol
5235,petrol
5236,diesel
5237,petrol
5238,petrol
5239,petrol
5240,diesel
5241,petrol
5242,petrol
5243,petrol
5244,petrol
5245,petrol
5246,diesel
5247,petrol
5248,petrol
5249,petrol
5250,petrol
5251,petrol
5252,petrol
5253,petrol
5254,petrol
5255,petrol
5256,petrol
5257,petrol
5258,petrol
5259,petrol
5260,petrol
5261,petrol
5262,petrol
5263,petrol
5264,petrol
5265,petrol
5266,diesel
5267,petrol
5268,petrol
5269,petrol
5270,petrol
5271,petrol
5272,petrol
5273,petrol
5274,diesel
5275,petrol
5276,petrol
5277,petrol
5278,petrol
5279,diesel
5280,petrol
5281,petrol
5282,petrol
5283,petrol
5284,petrol
5285,petrol
5286,petrol
5287,petrol
5288,petrol
5289,petrol
5290,petrol
5291,petrol
5292,petrol
5293,petrol
5294,petrol
5295,petrol
5296,petrol
5297,petrol
5298,petrol
5299,petrol
5300,petrol
5301,petrol
5302,petrol
5303,petrol
5304,petrol
5305,petrol
5306,petrol
5307,petrol
5308,petrol
5309,petrol
5310,petrol
5311,petrol
5312,petrol
5313,petrol
5314,petrol
5315,diesel
5316,petrol
5317,petrol
5318,diesel
5319,diesel
5320,petrol
5321,petrol
5322,petrol
5323,petrol
5324,petrol
5325,petrol
5326,petrol
5327,petrol
5328,petrol
5329,petrol
5330,petrol
5331,petrol
5332,petrol
5333,petrol
5334,petrol
5335,petrol
5336,petrol
5337,petrol
5338,petrol
5339,petrol
5340,diesel
5341,petrol
5342,petrol
5343,petrol
5344,petrol
5345,petrol
5346,petrol
5347,petrol
5348,petrol
5349,petrol
5350,petrol
5351,petrol
5352,petrol
5353,diesel
5354,petrol
5355,petrol
5356,petrol
5357,petrol
5358,petrol
5359,petrol
5360,petrol
5361,petrol
5362,petrol
5363,petrol
5364,petrol
5365,petrol
5366,petrol
5367,petrol
5368,petrol
5369,petrol
5370,petrol
5371,petrol
5372,petrol
5373,petrol
5374,petrol
5375,petrol
5376,petrol
5377,petrol
5378,petrol
5379,petrol
5380,petrol
5381,petrol
5382,petrol
5383,diesel
5384,petrol
5385,petrol
5386,petrol
5387,petrol
5388,petrol
5389,petrol
5390,petrol
5391,petrol
5392,petrol
5393,petrol
5394,petrol
5395,petrol
5396,petrol
5397,petrol
5398,petrol
5399,petrol
5400,petrol
5401,petrol
5402,petrol
5403,petrol
5404,petrol
5405,petrol
5406,petrol
5407,diesel
5408,petrol
5409,petrol
5410,petrol
5411,petrol
5412,petrol
5413,petrol
5414,petrol
5415,petrol
5416,petrol
5417,petrol
5418,petrol
5419,petrol
5420,diesel
5421,petrol
5422,petrol
5423,petrol
5424,petrol
5425,petrol
5426,petrol
5427,petrol
5428,petrol
5429,diesel
5430,diesel
5431,diesel
5432,petrol
5433,petrol
5434,petrol
5435,petrol
5436,petrol
5437,petrol
5438,petrol
5439,petrol
5440,petrol
5441,petrol
5442,diesel
5443,petrol
5444,petrol
5445,petrol
5446,petrol
5447,petrol
5448,petrol
5449,petrol
5450,petrol
5451,petrol
5452,petrol
5453,petrol
5454,petrol
5455,diesel
5456,petrol
5457,petrol
5458,petrol
5459,diesel
5460,petrol
5461,petrol
5462,petrol
5463,diesel
5464,diesel
5465,petrol
5466,petrol
5467,diesel
5468,petrol
5469,petrol
5470,petrol
5471,petrol
5472,petrol
5473,petrol
5474,petrol
5475,diesel
5476,petrol
5477,petrol
5478,petrol
5479,petrol
5480,petrol
5481,petrol
5482,petrol
5483,petrol
5484,petrol
5485,petrol
5486,petrol
5487,petrol
5488,petrol
5489,petrol
5490,diesel
5491,petrol
5492,petrol
5493,petrol
5494,petrol
5495,diesel
5496,petrol
5497,petrol
5498,petrol
5499,petrol
5500,petrol
5501,petrol
5502,petrol
5503,petrol
5504,petrol
5505,petrol
5506,petrol
5507,petrol
5508,petrol
5509,petrol
5510,petrol
5511,petrol
5512,petrol
5513,petrol
5514,petrol
5515,petrol
5516,petrol
5517,petrol
5518,petrol
5519,petrol
5520,petrol
5521,petrol
5522,petrol
5523,petrol
5524,petrol
5525,petrol
5526,petrol
5527,petrol
5528,petrol
5529,petrol
5530,petrol
5531,petrol
5532,petrol
5533,petrol
5534,petrol
5535,petrol
5536,petrol
5537,petrol
5538,petrol
5539,petrol
5540,petrol
5541,diesel
5542,diesel
5543,petrol
5544,petrol
5545,petrol
5546,petrol
5547,petrol
5548,petrol
5549,petrol
5550,petrol
5551,petrol
5552,petrol
5553,diesel
5554,petrol
5555,petrol
5556,petrol
5557,petrol
5558,petrol
5559,petrol
5560,petrol
5561,diesel
5562,petrol
5563,petrol
5564,petrol
5565,petrol
5566,petrol
5567,petrol
5568,petrol
5569,petrol
5570,petrol
5571,petrol
5572,petrol
5573,petrol
5574,petrol
5575,petrol
5576,petrol
5577,petrol
5578,petrol
5579,petrol
5580,diesel
5581,petrol
5582,petrol
5583,petrol
5584,petrol
5585,petrol
5586,petrol
5587,petrol
5588,petrol
5589,petrol
5590,petrol
5591,petrol
5592,petrol
5593,petrol
5594,petrol
5595,petrol
5596,petrol
5597,petrol
5598,petrol
5599,petrol
5600,petrol
5601,petrol
5602,petrol
5603,petrol
5604,petrol
5605,petrol
5606,petrol
5607,petrol
5608,petrol
5609,petrol
5610,petrol
5611,petrol
5612,petrol
5613,petrol
5614,petrol
5615,petrol
5616,petrol
5617,petrol
5618,petrol
5619,petrol
5620,petrol
5621,petrol
5622,petrol
5623,petrol
5624,petrol
5625,petrol
5626,petrol
5627,petrol
5628,petrol
5629,petrol
5630,petrol
5631,petrol
5632,petrol
5633,diesel
5634,petrol
5635,petrol
5636,petrol
5637,diesel
5638,petrol
5639,petrol
5640,petrol
5641,petrol
5642,diesel
5643,diesel
5644,petrol
5645,petrol
5646,petrol
5647,petrol
5648,petrol
5649,petrol
5650,diesel
5651,petrol
5652,petrol
5653,petrol
5654,petrol
5655,petrol
5656,petrol
5657,petrol
5658,petrol
5659,petrol
5660,petrol
5661,petrol
5662,petrol
5663,petrol
5664,petrol
5665,diesel
5666,petrol
5667,petrol
5668,petrol
5669,petrol
5670,petrol
5671,diesel
5672,petrol
5673,petrol
5674,petrol
5675,petrol
5676,petrol
5677,petrol
5678,petrol
5679,petrol
5680,petrol
5681,diesel
5682,petrol
5683,petrol
5684,petrol
5685,diesel
5686,petrol
5687,petrol
5688,petrol
5689,petrol
5690,petrol
5691,petrol
5692,petrol
5693,petrol
5694,petrol
5695,petrol
5696,petrol
5697,petrol
5698,petrol
5699,petrol
5700,petrol
5701,petrol
5702,petrol
5703,diesel
5704,petrol
5705,petrol
5706,diesel
5707,petrol
5708,petrol
5709,diesel
5710,petrol
5711,diesel
5712,petrol
5713,petrol
5714,petrol
5715,petrol
5716,diesel
5717,petrol
5718,petrol
5719,petrol
5720,petrol
5721,petrol
5722,petrol
5723,petrol
5724,petrol
5725,petrol
5726,petrol
5727,petrol
5728,petrol
5729,petrol
5730,petrol
5731,petrol
5732,petrol
5733,petrol
5734,petrol
5735,petrol
5736,petrol
5737,petrol
5738,petrol
5739,petrol
5740,petrol
5741,petrol
5742,petrol
5743,petrol
5744,petrol
5745,petrol
5746,petrol
5747,petrol
5748,petrol
5749,petrol
5750,petrol
5751,petrol
5752,petrol
5753,petrol
5754,petrol
5755,petrol
5756,diesel
5757,petrol
5758,petrol
5759,petrol
5760,petrol
5761,diesel
5762,petrol
5763,petrol
5764,petrol
5765,petrol
5766,petrol
5767,petrol
5768,petrol
5769,petrol
5770,petrol
5771,petrol
5772,petrol
5773,petrol
5774,diesel
5775,petrol
5776,petrol
5777,petrol
5778,petrol
5779,petrol
5780,petrol
5781,petrol
5782,petrol
5783,petrol
5784,petrol
5785,petrol
5786,petrol
5787,diesel
5788,petrol
5789,petrol
5790,petrol
5791,petrol
5792,petrol
5793,petrol
5794,petrol
5795,petrol
5796,petrol
5797,petrol
5798,petrol
5799,petrol
5800,petrol
5801,petrol
5802,petrol
5803,diesel
5804,petrol
5805,petrol
5806,petrol
5807,petrol
5808,petrol
5809,petrol
5810,petrol
5811,petrol
5812,petrol
5813,petrol
5814,petrol
5815,petrol
5816,petrol
5817,petrol
5818,petrol
5819,petrol
5820,petrol
5821,petrol
5822,petrol
5823,petrol
5824,petrol
5825,petrol
5826,petrol
5827,petrol
5828,petrol
5829,petrol
5830,petrol
5831,petrol
5832,petrol
5833,petrol
5834,petrol
5835,diesel
5836,diesel
5837,petrol
5838,petrol
5839,petrol
5840,petrol
5841,petrol
5842,petrol
5843,petrol
5844,petrol
5845,petrol
5846,petrol
5847,petrol
5848,petrol
5849,petrol
5850,petrol
5851,petrol
5852,petrol
5853,petrol
5854,petrol
5855,petrol
5856,petrol
5857,petrol
5858,diesel
5859,petrol
5860,petrol
5861,petrol
5862,petrol
5863,petrol
5864,petrol
5865,diesel
5866,petrol
5867,petrol
5868,petrol
5869,petrol
5870,petrol
5871,petrol
5872,petrol
5873,petrol
5874,petrol
5875,petrol
5876,diesel
5877,petrol
5878,petrol
5879,petrol
5880,petrol
5881,petrol
5882,petrol
5883,petrol
5884,petrol
5885,petrol
5886,petrol
5887,petrol
5888,petrol
5889,petrol
5890,petrol
5891,petrol
5892,diesel
5893,diesel
5894,petrol
5895,petrol
5896,petrol
5897,petrol
5898,petrol
5899,petrol
5900,petrol
5901,petrol
5902,petrol
5903,petrol
5904,petrol
5905,petrol
5906,petrol
5907,petrol
5908,petrol
5909,diesel
5910,diesel
5911,diesel
5912,petrol
5913,petrol
5914,petrol
5915,petrol
5916,petrol
5917,petrol
5918,petrol
5919,petrol
5920,petrol
5921,petrol
5922,petrol
5923,petrol
5924,petrol
5925,petrol
5926,petrol
5927,petrol
5928,petrol
5929,petrol
5930,petrol
5931,petrol
5932,petrol
5933,petrol
5934,petrol
5935,petrol
5936,petrol
5937,petrol
5938,petrol
5939,petrol
5940,petrol
5941,petrol
5942,petrol
5943,petrol
5944,petrol
5945,petrol
5946,petrol
5947,petrol
5948,petrol
5949,petrol
5950,petrol
5951,petrol
5952,petrol
5953,petrol
5954,diesel
5955,petrol
5956,petrol
5957,petrol
5958,petrol
5959,petrol
5960,petrol
5961,petrol
5962,petrol
5963,petrol
5964,petrol
5965,petrol
5966,petrol
5967,petrol
5968,diesel
5969,diesel
5970,petrol
5971,petrol
5972,petrol
5973,petrol
5974,petrol
5975,petrol
5976,petrol
5977,petrol
5978,petrol
5979,petrol
5980,petrol
5981,petrol
5982,petrol
5983,petrol
5984,petrol
5985,petrol
5986,petrol
5987,petrol
5988,petrol
5989,petrol
5990,petrol
5991,petrol
5992,petrol
5993,petrol
5994,petrol
5995,petrol
5996,petrol
5997,petrol
5998,petrol
5999,petrol
6000,petrol
6001,petrol
6002,petrol
6003,petrol
6004,petrol
6005,petrol
6006,petrol
6007,diesel
6008,petrol
6009,petrol
6010,petrol
6011,diesel
6012,petrol
6013,petrol
6014,petrol
6015,petrol
6016,petrol
6017,petrol
6018,petrol
6019,petrol
6020,petrol
6021,petrol
6022,petrol
6023,petrol
6024,petrol
6025,petrol
6026,petrol
6027,petrol
6028,diesel
6029,petrol
6030,diesel
6031,petrol
6032,petrol
6033,petrol
6034,petrol
6035,petrol
6036,petrol
6037,petrol
6038,petrol
6039,petrol
6040,petrol
6041,petrol
6042,petrol
6043,petrol
6044,petrol
6045,petrol
6046,petrol
6047,petrol
6048,petrol
6049,petrol
6050,petrol
6051,diesel
6052,petrol
6053,petrol
6054,petrol
6055,petrol
6056,petrol
6057,petrol
6058,petrol
6059,petrol
6060,petrol
6061,petrol
6062,petrol
6063,petrol
6064,petrol
6065,petrol
6066,diesel
6067,petrol
6068,petrol
6069,petrol
6070,diesel
6071,petrol
6072,petrol
6073,petrol
6074,petrol
6075,petrol
6076,petrol
6077,petrol
6078,petrol
6079,petrol
6080,petrol
6081,diesel
6082,petrol
6083,petrol
6084,petrol
6085,petrol
6086,petrol
6087,petrol
6088,petrol
6089,petrol
6090,petrol
6091,petrol
6092,petrol
6093,petrol
6094,petrol
6095,petrol
6096,petrol
6097,diesel
6098,petrol
6099,petrol
6100,petrol
6101,petrol
