,Manufacturer
0,Ford
1,Ford
2,Volkswagen
3,Renault
4,BMW
5,Volkswagen
6,Peugeot
7,Ford
8,Nissan
9,Honda
10,Ford
11,Renault
12,Toyota
13,Mercedes
14,Audi
15,Volkswagen
16,Honda
17,Audi
18,Peugeot
19,Peugeot
20,Citroen
21,Skoda
22,BMW
23,Ford
24,Land-Rover
25,Citroen
26,Toyota
27,BMW
28,Toyota
29,Mercedes
30,Renault
31,Seat
32,Seat
33,Land-Rover
34,Land-Rover
35,Nissan
36,Skoda
37,Fiat
38,Mercedes
39,Nissan
40,Citroen
41,Citroen
42,Citroen
43,Mini
44,Mini
45,Toyota
46,Toyota
47,Saab
48,Peugeot
49,Toyota
50,Hyundai
51,Hyundai
52,Audi
53,Kia
54,Toyota
55,Nissan
56,Seat
57,Jaguar
58,Ford
59,Honda
60,Mazda
61,Mazda
62,Citroen
63,Suzuki
64,Ford
65,Ford
66,Peugeot
67,Mazda
68,Audi
69,Renault
70,Mazda
71,Fiat
72,Toyota
73,Peugeot
74,Peugeot
75,
76,Volvo
77,Citroen
78,Volkswagen
79,Volkswagen
80,Kia
81,Ford
82,BMW
83,Nissan
84,Suzuki
85,Kia
86,Peugeot
87,Hyundai
88,Nissan
89,Mercedes
90,Volvo
91,Rover
92,Citroen
93,Suzuki
94,Nissan
95,Hyundai
96,Mercedes
97,Ford
98,Mercedes
99,Kia
100,Peugeot
101,Citroen
102,Hyundai
103,Jaguar
104,Audi
105,Mitsubishi
106,Audi
107,Ford
108,Toyota
109,Jaguar
110,Volvo
111,Ford
112,Volvo
113,Citroen
114,Volvo
115,BMW
116,Volkswagen
117,Mercedes
118,Smart
119,Volkswagen
120,Rover
121,Porsche
122,Jaguar
123,Subaru
124,Saab
125,Toyota
126,Volkswagen
127,Hyundai
128,Peugeot
129,Volvo
130,Citroen
131,Renault
132,MG
133,Chrysler
134,Kia
135,BMW
136,Rover
137,Volkswagen
138,Suzuki
139,Chevrolet
140,Porsche
141,Suzuki
142,Peugeot
143,Mazda
144,Ford
145,Fiat
146,Volkswagen
147,Jaguar
148,Seat
149,Volvo
150,Hyundai
151,Volkswagen
152,Mercedes
153,Hyundai
154,Renault
155,Mazda
156,Volkswagen
157,Seat
158,Renault
159,Suzuki
160,Suzuki
161,Kia
162,Audi
163,Mercedes
164,Peugeot
165,Subaru
166,Skoda
167,Volkswagen
168,Fiat
169,Skoda
170,Fiat
171,BMW
172,Audi
173,Alfa-Romeo
174,Toyota
175,BMW
176,MG
177,Volvo
178,Volkswagen
179,Renault
180,Mitsubishi
181,Fiat
182,Volkswagen
183,BMW
184,Chrysler
185,Hyundai
186,Toyota
187,Mercedes
188,Audi
189,BMW
190,Volvo
191,Skoda
192,Suzuki
193,Toyota
194,Toyota
195,Chevrolet
196,Volvo
197,Hyundai
198,Subaru
199,Porsche
200,Alfa-Romeo
201,BMW
202,Chevrolet
203,Chevrolet
204,Mitsubishi
205,Nissan
206,Honda
207,Daihatsu
208,Rover
209,Kia
210,Ford
211,Skoda
212,Nissan
213,Mitsubishi
214,Mitsubishi
215,Chevrolet
216, MG 
217,Mercedes
218,Land-Rover
219,Seat
220,MG
221,Honda
222,Smart
223, Daihatsu 
224,Toyota
225,Fiat
226,Audi
227,Kia
228,Skoda
229,Suzuki
230,Bentley
231,Chevrolet
232, Nissan
233,Peugeot
234,Saab
235,Ford
236,Volvo
237,Seat
238,Hyundai
239,Volvo
240,Toyota 
241,Audi
242,Alfa-Romeo
243,Daewoo
244,Smart
245,Citroen
246,Mazda
247,Dacia
248,Peugeot
249,Peugeot
250,Mitsubishi
251,Porsche
252,Chrysler
253,Mercedes
254,Honda
255,Dacia
256,Lexus
257,Peugeot
258,Peugeot
259,Citroen
260,Peugeot
261,Nissan
262,Mazda
263,Honda
264,Mercedes
265,Hyundai
266,Chevrolet
267,Alfa-Romeo
268,Mazda
269,Citroen
270,Volvo
271,Fiat
272,Audi
273,BMW
274,Subaru
275,Dodge
276,Ford
277,Rover
278,Rover
279,Kia
280,Lotus
281,Ford
282,Smart
283,Aston-Martin
284,Hyundai
285,Chevrolet
286,Seat
287,Toyota
288,Seat
289,Audi
290,Peugeot
291,Abarth
292,Volkswagen
293,Alfa-Romeo
294,Citroen
295,Toyota
296,Mercedes
297,Fiat
298,Ford
299,Aston-Martin
300,Audi
301,Chrysler
302,Hyundai
303,BMW
304,Kia
305,Citroen
306,Audi
307,Renault
308,Mitsubishi
309,Chrysler
310,Honda
311,Mercedes
312,Honda
313,Fiat
314,Honda
315,Hyundai
316,Peugeot
317,Ssangyong
318,Volkswagen
319,Mini
320,Peugeot
321,Saab
322,Audi
323,Citroen
324,Mitsubishi
325,Hyundai
326,Ford
327,Fiat
328,Alfa-Romeo
329,Porsche
330,Seat
331,Citroen
332,Audi
333,Fiat
334,Mitsubishi
335,Fiat
336,Volvo
337,Hyundai
338,Suzuki
339,Volvo
340,Lexus
341,Peugeot
342,Volvo
343,Toyota
344,Nissan
345,Volkswagen
346,Peugeot
347,Mercedes
348,Toyota
349,Dodge
350,Chrysler
351,Kia
352,Hyundai
353,Nissan
354,Peugeot
355,Audi
356,Renault
357,Skoda
358,Aston-Martin
359,Volkswagen
360,Toyota
361,Fiat
362,Nissan
363,Mercedes
364,Porsche
365,Daihatsu
366,Honda
367,Ford
368,Mini
369,Mercedes
370,Volvo
371,Lexus
372,Mazda
373,BMW
374,Honda
375,Renault
376,Dodge
377,Land-Rover
378,Volkswagen
379,Subaru
380,Chevrolet
381,Mercedes
382,Ford
383,Peugeot
384,Nissan
385,Audi
386,Mini
387,Toyota
388,Honda
389,Lexus
390,Mazda
391,Maserati
392,Ford
393,Ssangyong
394,Ford
395,Mazda
396,Audi
397,Nissan
398,Honda
399,Porsche
400,Fiat
401,Opel
402,Nissan
403,Citroen
404,Ssangyong
405,Peugeot
406,Audi
407,Subaru
408,Audi
409,Ford
410,Ford
411,Ford
412,Volkswagen
413,Renault
414,BMW
415,Volkswagen
416,Peugeot
417,Ford
418,Nissan
419,Renault
420,Ford
421,Honda
422,Toyota
423,Mercedes
424,Volkswagen
425,Audi
426,Peugeot
427,Citroen
428,Peugeot
429,Honda
430,Audi
431,Toyota
432,Skoda
433,Land-Rover
434,Citroen
435,BMW
436,Toyota
437,BMW
438,Land-Rover
439,Renault
440,Mercedes
441,Nissan
442,Seat
443,Skoda
444,Mercedes
445,Land-Rover
446,Saab
447,Toyota
448,Citroen
449,Peugeot
450,Fiat
451,Renault
452,Honda
453,Peugeot
454,Nissan
455,Audi
456,Jaguar
457,Peugeot
458,Citroen
459,Ford
460,Ford
461,Mazda
462,Kia
463,Toyota
464,Seat
465,Mazda
466,Nissan
467,Hyundai
468,Suzuki
469,Mazda
470,Audi
471,Volvo
472,Citroen
473,Peugeot
474,Mazda
475,Peugeot
476,Fiat
477,Toyota
478,Nissan
479,Volkswagen
480,Rover
481,Ford
482,Volkswagen
483,Suzuki
484,Volvo
485,BMW
486,Mercedes
487,Hyundai
488,Kia
489,Nissan
490,Citroen
491,Peugeot
492,Citroen
493,Ford
494,Mercedes
495,Mercedes
496,Mitsubishi
497,Kia
498,Jaguar
499,Suzuki
500,Citroen
501,Ford
502,Rover
503,Hyundai
504,Rover
505,Volvo
506,Hyundai
507,Volvo
508,Toyota
509,Kia
510,Volkswagen
511,Jaguar
512,Volvo
513,Subaru
514,Saab
515,Nissan
516,Toyota
517,Ford
518,Jaguar
519,MG
520,Audi
521,BMW
522,Volkswagen
523,Porsche
524,Mazda
525,Ford
526,Chrysler
527,Volvo
528,Smart
529,Hyundai
530,Mercedes
531,Fiat
532,Audi
533,Renault
534,Hyundai
535,Volkswagen
536,Suzuki
537,Suzuki
538,Chevrolet
539,BMW
540,Kia
541,Porsche
542,Renault
543,Volkswagen
544,Fiat
545,Seat
546,Volvo
547,Mercedes
548,Seat
549,Renault
550,Suzuki
551,Fiat
552,Mazda
553,Alfa-Romeo
554,Kia
555,Volkswagen
556,Toyota
557,Volkswagen
558,Subaru
559,Citroen
560,MG
561,Mercedes
562,Volvo
563,Peugeot
564,Suzuki
565,Volkswagen
566,Chrysler
567,BMW
568,Alfa-Romeo
569,Peugeot
570,Volkswagen
571,Mitsubishi
572,Skoda
573,Hyundai
574,BMW
575,Toyota
576,Audi
577,Fiat
578,Toyota
579,BMW
580,Volkswagen
581,Skoda
582,Renault
583,Audi
584,Volvo
585,Mercedes
586,Mitsubishi
587,Subaru
588,Audi
589,Toyota
590,Toyota
591,Nissan
592,Rover
593,Hyundai
594,MG
595,Chevrolet
596,BMW
597,Mitsubishi
598,Hyundai
599,MG
600,Daihatsu
601,Ford
602,Honda
603,Skoda
604,Seat
605,Chevrolet
606,Volvo
607,Skoda
608,Chevrolet
609,Porsche
610,Nissan
611,Land-Rover
612,Honda
613,Fiat
614,Mitsubishi
615,Volkswagen
616,Peugeot
617,BMW
618,Suzuki
619,Daewoo
620,Mercedes
621,Daihatsu
622,Saab
623,Volvo
624,Smart
625,Mazda
626,Volvo
627,Chevrolet
628,Citroen
629,Suzuki
630,Audi
631,Fiat
632,Jaguar
633,Citroen
634,Peugeot
635,Seat
636,Kia
637,Nissan
638,Bentley
639,Citroen
640,Peugeot
641,Mercedes
642,Audi
643,Smart
644,Kia
645,Alfa-Romeo
646,Mercedes
647,Chevrolet
648,Chrysler
649,Mazda
650,Mazda
651,Hyundai
652,Peugeot
653,Nissan
654,Honda
655,Jaguar
656,Ford
657,Chevrolet
658,Ford
659,Rover
660,Porsche
661,Peugeot
662,Alfa-Romeo
663,Honda
664,Hyundai
665,Rover
666,Dodge
667,Audi
668,Subaru
669,Peugeot
670,Toyota
671,Lotus
672,Citroen
673,Kia
674,Mitsubishi
675,Toyota
676,Peugeot
677,Ford
678,Chrysler
679,Smart
680,Audi
681,Fiat
682,BMW
683,Aston-Martin
684,Lexus
685,Alfa-Romeo
686,Toyota
687,Honda
688,Fiat
689,Kia
690,Saab
691,Mitsubishi
692,Hyundai
693,Peugeot
694,Aston-Martin
695,Peugeot
696,Hyundai
697,Hyundai
698,Volvo
699,Abarth
700,Honda
701,Chrysler
702,Mitsubishi
703,Mitsubishi
704,Mercedes
705,BMW
706,Fiat
707,Seat
708,Volkswagen
709,Seat
710,Skoda
711,Suzuki
712,Volvo
713,Hyundai
714,Mercedes
715,Chevrolet
716,Ssangyong
717,Fiat
718,Kia
719,Peugeot
720,Audi
721,Audi
722,Honda
723,Porsche
724,Ford
725,Volvo
726,Nissan
727,Fiat
728,Toyota
729,Alfa-Romeo
730,Audi
731,Citroen
732,Citroen
733,Audi
734,Nissan
735,Nissan
736,Ford
737,Volkswagen
738,Mercedes
739,Peugeot
740,Chrysler
741,Toyota
742,Dodge
743,Lexus
744,Volvo
745,Mercedes
746,Honda
747,Ford
748,Fiat
749,Aston-Martin
750,Renault
751,Mercedes
752,Land-Rover
753,Honda
754,Mazda
755,Daihatsu
756,Subaru
757,Hyundai
758,Peugeot
759,Audi
760,Ford
761,Mazda
762,Volkswagen
763,Dodge
764,Volvo
765,Mazda
766,Toyota
767,Volkswagen
768,Citroen
769,Renault
770,Honda
771,Audi
772,Peugeot
773,Lexus
774,Mercedes
775,Porsche
776,Ford
777,Audi
778,Nissan
779,Peugeot
780,Kia
781,Audi
782,Honda
783,Renault
784,Ford
785,Seat
786,Honda
787,Daewoo
788,Maserati
789,Nissan
790,Ford
791,Porsche
792,Opel
793,Ssangyong
794,Fiat
795,Mazda
796,Mazda
797,Nissan
798,Audi
799,Mitsubishi
800,Hyundai
801,Ford
802,Volkswagen
803,Mini
804,Ford
805,Ford
806,Volkswagen
807,Renault
808,BMW
809,Peugeot
810,Volkswagen
811,Ford
812,Nissan
813,Renault
814,Ford
815,Honda
816,Toyota
817,Citroen
818,Peugeot
819,Volkswagen
820,Mercedes
821,Audi
822,Honda
823,Peugeot
824,Audi
825,Toyota
826,Skoda
827,Land-Rover
828,Toyota
829,BMW
830,Nissan
831,Citroen
832,Land-Rover
833,Renault
834,Mercedes
835,BMW
836,Peugeot
837,Seat
838,Skoda
839,Peugeot
840,Saab
841,Mercedes
842,Renault
843,Toyota
844,Citroen
845,Honda
846,Land-Rover
847,Citroen
848,Jaguar
849,Ford
850,Peugeot
851,Ford
852,Mazda
853,Audi
854,Ford
855,Mazda
856,Seat
857,Nissan
858,Peugeot
859,Kia
860,Volvo
861,Mazda
862,Suzuki
863,Audi
864,Toyota
865,Fiat
866,Nissan
867,Rover
868,Nissan
869,Fiat
870,Suzuki
871,Citroen
872,Mazda
873,Volkswagen
874,Volvo
875,Peugeot
876,Rover
877,Hyundai
878,Mercedes
879,Hyundai
880,Toyota
881,Volkswagen
882,BMW
883,Nissan
884,Peugeot
885,Citroen
886,Citroen
887,Kia
888,Rover
889,Mitsubishi
890,Mercedes
891,Jaguar
892,Mercedes
893,Citroen
894,Volvo
895,Suzuki
896,Volkswagen
897,Subaru
898,Ford
899,Mazda
900,Toyota
901,Saab
902,MG
903,Jaguar
904,Ford
905,Ford
906,Kia
907,Volvo
908,Hyundai
909,Volkswagen
910,Toyota
911,Volvo
912,Fiat
913,Chrysler
914,Porsche
915,Kia
916,Hyundai
917,Volvo
918,Hyundai
919,Suzuki
920,Jaguar
921,Renault
922,BMW
923,Hyundai
924,Renault
925,Suzuki
926,Chevrolet
927,Smart
928,Fiat
929,Mercedes
930,Ford
931,Porsche
932,BMW
933,Kia
934,Audi
935,Volkswagen
936,Mercedes
937,Fiat
938,Skoda
939,Seat
940,Alfa-Romeo
941,Suzuki
942,Toyota
943,Seat
944,Alfa-Romeo
945,Renault
946,Volkswagen
947,Volvo
948,Subaru
949,Kia
950,MG
951,Toyota
952,Volvo
953,Nissan
954,BMW
955,Mazda
956,Chrysler
957,Toyota
958,Volkswagen
959,Mitsubishi
960,Mercedes
961,Toyota
962,Mitsubishi
963,Peugeot
964,Hyundai
965,BMW
966,Volkswagen
967,BMW
968,Volkswagen
969,Audi
970,Subaru
971,Nissan
972,Suzuki
973,Fiat
974,Volvo
975,Mercedes
976,Volkswagen
977,Daewoo
978,Volkswagen
979,Rover
980,Peugeot
981,MG
982,MG
983,Renault
984,Fiat
985,Audi
986,Mitsubishi
987,Hyundai
988,Citroen
989,Saab
990,Volvo
991,Chevrolet
992,Daihatsu
993,Audi
994,Seat
995,Ford
996,Mazda
997,Fiat
998,Skoda
999,Citroen
1000,Honda
1001,Honda
1002,Volvo
1003,Toyota
1004,Chevrolet
1005,Land-Rover
1006,Daihatsu
1007,Volvo
1008,Smart
1009,Audi
1010,Citroen
1011,Mercedes
1012,Porsche
1013,Skoda
1014,BMW
1015,Mitsubishi
1016,Chevrolet
1017,BMW
1018,Nissan
1019,Suzuki
1020,Peugeot
1021,Seat
1022,Audi
1023,Peugeot
1024,Mercedes
1025,Mercedes
1026,Jaguar
1027,Citroen
1028,Peugeot
1029,Smart
1030,Ford
1031,Citroen
1032,Nissan
1033,Suzuki
1034,Hyundai
1035,Mazda
1036,Ford
1037,Hyundai
1038,Bentley
1039,Mazda
1040,Audi
1041,Skoda
1042,Chrysler
1043,Peugeot
1044,Honda
1045,Alfa-Romeo
1046,Rover
1047,Nissan
1048,Audi
1049,Chevrolet
1050,Chrysler
1051,Chevrolet
1052,Ford
1053,Chevrolet
1054,Alfa-Romeo
1055,Toyota
1056,Jaguar
1057,Fiat
1058,Porsche
1059,Rover
1060,Kia
1061,Lotus
1062,Dodge
1063,Fiat
1064,Kia
1065,Subaru
1066,Kia
1067,Smart
1068,Volvo
1069,Audi
1070,Saab
1071,Hyundai
1072,Honda
1073,Mitsubishi
1074,Fiat
1075,Honda
1076,Peugeot
1077,Alfa-Romeo
1078,Mitsubishi
1079,Suzuki
1080,Seat
1081,Peugeot
1082,Aston-Martin
1083,Hyundai
1084,Kia
1085,Kia
1086,Nissan
1087,Hyundai
1088,Hyundai
1089,BMW
1090,Honda
1091,Aston-Martin
1092,Chrysler
1093,Volvo
1094,Toyota
1095,Peugeot
1096,Fiat
1097,Mitsubishi
1098,Audi
1099,Peugeot
1100,Mitsubishi
1101,Toyota
1102,Porsche
1103,BMW
1104,Ssangyong
1105,Mercedes
1106,Ford
1107,Audi
1108,Volkswagen
1109,Hyundai
1110,Mercedes
1111,Nissan
1112,Ford
1113,Abarth
1114,Fiat
1115,Toyota
1116,Ford
1117,Volvo
1118,Ford
1119,Volkswagen
1120,Alfa-Romeo
1121,Toyota
1122,Honda
1123,Nissan
1124,Mazda
1125,Citroen
1126,Land-Rover
1127,Mercedes
1128,Audi
1129,Honda
1130,Subaru
1131,Chrysler
1132,Dodge
1133,Mercedes
1134,Citroen
1135,Chevrolet
1136,Peugeot
1137,Mercedes
1138,Aston-Martin
1139,Mazda
1140,Mazda
1141,Honda
1142,Seat
1143,Daihatsu
1144,Lexus
1145,Peugeot
1146,Renault
1147,Kia
1148,Lexus
1149,Toyota
1150,Ford
1151,Daewoo
1152,Audi
1153,Audi
1154,Honda
1155,Honda
1156,Peugeot
1157,Fiat
1158,Dodge
1159,Renault
1160,Nissan
1161,Audi
1162,Mazda
1163,Volkswagen
1164,Honda
1165,Volvo
1166,Lexus
1167,Volkswagen
1168,Audi
1169,Ford
1170,Daewoo
1171,Kia
1172,Renault
1173,Mitsubishi
1174,Audi
1175,Mazda
1176,Porsche
1177,Opel
1178,Volvo
1179,Volkswagen
1180,Ford
1181,Mercedes
1182,Alfa-Romeo
1183,Nissan
1184,Fiat
1185,Nissan
1186,Maserati
1187,Toyota
1188,Nissan
1189,Audi
1190,Ssangyong
1191,Ferrari
1192,BMW
1193,Peugeot
1194,Fiat
1195,Skoda
1196,Ford
1197,Ford
1198,Volkswagen
1199,Renault
1200,Ford
1201,BMW
1202,Peugeot
1203,Volkswagen
1204,Nissan
1205,Renault
1206,Ford
1207,Honda
1208,Toyota
1209,Citroen
1210,Peugeot
1211,Volkswagen
1212,Mercedes
1213,Audi
1214,Toyota
1215,Honda
1216,Audi
1217,Peugeot
1218,Nissan
1219,Land-Rover
1220,Toyota
1221,Peugeot
1222,Skoda
1223,BMW
1224,Land-Rover
1225,Peugeot
1226,Ford
1227,Renault
1228,Citroen
1229,Mercedes
1230,Citroen
1231,Renault
1232,Seat
1233,Saab
1234,Mercedes
1235,Peugeot
1236,Toyota
1237,Honda
1238,Skoda
1239,BMW
1240,Nissan
1241,Ford
1242,Jaguar
1243,Land-Rover
1244,Mazda
1245,Rover
1246,Audi
1247,Ford
1248,Citroen
1249,Volvo
1250,Mazda
1251,Seat
1252,Rover
1253,Suzuki
1254,Suzuki
1255,Audi
1256,Kia
1257,Mazda
1258,Peugeot
1259,Volvo
1260,Volkswagen
1261,Toyota
1262,Fiat
1263,Mercedes
1264,Hyundai
1265,Nissan
1266,Citroen
1267,Mazda
1268,Nissan
1269,Nissan
1270,Rover
1271,BMW
1272,Peugeot
1273,Fiat
1274,Volkswagen
1275,Citroen
1276,Volvo
1277,Jaguar
1278,Toyota
1279,Citroen
1280,Peugeot
1281,Mitsubishi
1282,Mazda
1283,Citroen
1284,Mercedes
1285,Hyundai
1286,Subaru
1287,Kia
1288,Mercedes
1289,Volkswagen
1290,Toyota
1291,Hyundai
1292,Saab
1293,MG
1294,Ford
1295,Jaguar
1296,Suzuki
1297,Volkswagen
1298,Fiat
1299,Chrysler
1300,Porsche
1301,Renault
1302,Volvo
1303,Volvo
1304,Suzuki
1305,Fiat
1306,Toyota
1307,Volvo
1308,Kia
1309,Ford
1310,Skoda
1311,Suzuki
1312,Toyota
1313,Kia
1314,Renault
1315,Porsche
1316,Chevrolet
1317,Hyundai
1318,Alfa-Romeo
1319,BMW
1320,Volkswagen
1321,Fiat
1322,Toyota
1323,Hyundai
1324,Smart
1325,Kia
1326,BMW
1327,Ford
1328,Alfa-Romeo
1329,Mercedes
1330,Mercedes
1331,Seat
1332,Suzuki
1333,Mitsubishi
1334,Jaguar
1335,Hyundai
1336,MG
1337,Fiat
1338,Toyota
1339,Seat
1340,BMW
1341,Renault
1342,Citroen
1343,Volvo
1344,Subaru
1345,Peugeot
1346,Daewoo
1347,Toyota
1348,Chrysler
1349,Ford
1350,Kia
1351,Nissan
1352,Citroen
1353,Saab
1354,Volvo
1355,Subaru
1356,BMW
1357,Hyundai
1358,Volvo
1359,BMW
1360,Audi
1361,Volkswagen
1362,Mazda
1363,Audi
1364,Mitsubishi
1365,Rover
1366,Mercedes
1367,MG
1368,Peugeot
1369,MG
1370,Mazda
1371,Volvo
1372,Volkswagen
1373,Volvo
1374,Mercedes
1375,Fiat
1376,Mitsubishi
1377,Volkswagen
1378,Hyundai
1379,Seat
1380,Fiat
1381,Volkswagen
1382,Daihatsu
1383,Suzuki
1384,Chevrolet
1385,Ford
1386,Peugeot
1387,Honda
1388,Volkswagen
1389,Daihatsu
1390,Honda
1391,Citroen
1392,Volkswagen
1393,Renault
1394,Audi
1395,Land-Rover
1396,Skoda
1397,Mercedes
1398,Chevrolet
1399,Smart
1400,Seat
1401,Mercedes
1402,Suzuki
1403,Volvo
1404,Toyota
1405,BMW
1406,Porsche
1407,Ford
1408,Mercedes
1409,Audi
1410,Ford
1411,Mitsubishi
1412,Audi
1413,Citroen
1414,Peugeot
1415,Skoda
1416,Jaguar
1417,Hyundai
1418,Mazda
1419,Mazda
1420,Smart
1421,Fiat
1422,Chrysler
1423,Ford
1424,Volvo
1425,Nissan
1426,Rover
1427,Nissan
1428,Bentley
1429,Fiat
1430,Honda
1431,Hyundai
1432,Saab
1433,Chevrolet
1434,Chrysler
1435,Fiat
1436,Peugeot
1437,Audi
1438,Toyota
1439,Nissan
1440,Audi
1441,Lotus
1442,Honda
1443,Mitsubishi
1444,Suzuki
1445,Rover
1446,Chevrolet
1447,Mitsubishi
1448,Alfa-Romeo
1449,Suzuki
1450,Peugeot
1451,Dodge
1452,Porsche
1453,Kia
1454,Nissan
1455,Jaguar
1456,Alfa-Romeo
1457,Seat
1458,Smart
1459,BMW
1460,Kia
1461,Peugeot
1462,Peugeot
1463,Audi
1464,Chevrolet
1465,Subaru
1466,Hyundai
1467,Alfa-Romeo
1468,Hyundai
1469,Volvo
1470,Kia
1471,Toyota
1472,Kia
1473,Citroen
1474,Ford
1475,Nissan
1476,Aston-Martin
1477,Audi
1478,Hyundai
1479,Honda
1480,Honda
1481,Chrysler
1482,Aston-Martin
1483,Skoda
1484,Fiat
1485,Ford
1486,Porsche
1487,Mitsubishi
1488,Ford
1489,Volvo
1490,Mazda
1491,BMW
1492,Nissan
1493,Ford
1494,Ssangyong
1495,Volkswagen
1496,Renault
1497,Chevrolet
1498,Hyundai
1499,BMW
1500,Toyota
1501,Audi
1502,Honda
1503,Kia
1504,Land-Rover
1505,Daewoo
1506,Fiat
1507,Peugeot
1508,Mazda
1509,Mercedes
1510,Ford
1511,Mercedes
1512,Subaru
1513,Toyota
1514,Honda
1515,Mercedes
1516,Nissan
1517,Volkswagen
1518,Nissan
1519,Alfa-Romeo
1520,Kia
1521,Toyota
1522,Audi
1523,Aston-Martin
1524,Mercedes
1525,Mazda
1526,Audi
1527,Daewoo
1528,Dodge
1529,Honda
1530,Chrysler
1531,Mazda
1532,Daihatsu
1533,Honda
1534,Peugeot
1535,Volkswagen
1536,Mercedes
1537,Ford
1538,Kia
1539,Volvo
1540,Abarth
1541,Citroen
1542,Audi
1543,Lexus
1544,Citroen
1545,Peugeot
1546,Honda
1547,Nissan
1548,Dodge
1549,Fiat
1550,Audi
1551,Skoda
1552,Alfa-Romeo
1553,Lexus
1554,Mitsubishi
1555,Peugeot
1556,Peugeot
1557,Chevrolet
1558,Volkswagen
1559,Audi
1560,Alfa-Romeo
1561,Mazda
1562,Toyota
1563,Porsche
1564,Mitsubishi
1565,Mazda
1566,Opel
1567,Fiat
1568,Ford
1569,Fiat
1570,Alfa-Romeo
1571,Nissan
1572,BMW
1573,Ferrari
1574,Renault
1575,Renault
1576,Ssangyong
1577,Daihatsu
1578,Honda
1579,Seat
1580,Porsche
1581,Ssangyong
1582,Mercedes
1583,Ford
1584,Ford
1585,Volkswagen
1586,Renault
1587,Ford
1588,BMW
1589,Peugeot
1590,Volkswagen
1591,Nissan
1592,Renault
1593,Ford
1594,Honda
1595,Toyota
1596,Citroen
1597,Peugeot
1598,Mercedes
1599,Volkswagen
1600,Audi
1601,Toyota
1602,Ford
1603,Peugeot
1604,Mini
1605,Nissan
1606,Peugeot
1607,Honda
1608,Toyota
1609,Land-Rover
1610,Renault
1611,Audi
1612,BMW
1613,Land-Rover
1614,Citroen
1615,Skoda
1616,Peugeot
1617,Peugeot
1618,Mercedes
1619,Rover
1620,Citroen
1621,Honda
1622,Renault
1623,Nissan
1624,Mercedes
1625,Toyota
1626,Saab
1627,Seat
1628,Skoda
1629,Ford
1630,BMW
1631,Jaguar
1632,Mazda
1633,Land-Rover
1634,Rover
1635,Audi
1636,Mini
1637,Volvo
1638,Ford
1639,Suzuki
1640,Seat
1641,Mazda
1642,Suzuki
1643,Volvo
1644,Citroen
1645,Audi
1646,Volkswagen
1647,Mercedes
1648,Hyundai
1649,Mazda
1650,Rover
1651,Peugeot
1652,Kia
1653,Mazda
1654,Volvo
1655,Fiat
1656,Nissan
1657,Toyota
1658,Jaguar
1659,Citroen
1660,Hyundai
1661,BMW
1662,Peugeot
1663,Citroen
1664,Subaru
1665,Toyota
1666,Citroen
1667,Volkswagen
1668,Volkswagen
1669,Mercedes
1670,Mitsubishi
1671,Ford
1672,MG
1673,Citroen
1674,Saab
1675,Mercedes
1676,Mazda
1677,Jaguar
1678,Nissan
1679,Toyota
1680,Kia
1681,Fiat
1682,Volkswagen
1683,Toyota
1684,Nissan
1685,Renault
1686,Skoda
1687,Chrysler
1688,Suzuki
1689,Fiat
1690,Fiat
1691,Volvo
1692,Suzuki
1693,Porsche
1694,Alfa-Romeo
1695,Peugeot
1696,Fiat
1697,Citroen
1698,Hyundai
1699,Suzuki
1700,Toyota
1701,Peugeot
1702,Fiat
1703,Porsche
1704,Citroen
1705,Mitsubishi
1706,Volvo
1707,Volkswagen
1708,Daewoo
1709,Volvo
1710,Alfa-Romeo
1711,Renault
1712,BMW
1713,Kia
1714,Mercedes
1715,Hyundai
1716,Toyota
1717,Toyota
1718,Chevrolet
1719,Seat
1720,Suzuki
1721,MG
1722,Saab
1723,Jaguar
1724,Volvo
1725,BMW
1726,Kia
1727,Toyota
1728,BMW
1729,Ford
1730,Mazda
1731,Volvo
1732,Nissan
1733,Peugeot
1734,Chrysler
1735,Subaru
1736,Renault
1737,Volvo
1738,Rover
1739,Subaru
1740,Seat
1741,BMW
1742,Smart
1743,Mercedes
1744,Kia
1745,Kia
1746,BMW
1747,Citroen
1748,MG
1749,Hyundai
1750,Audi
1751,MG
1752,Mercedes
1753,Mitsubishi
1754,Mitsubishi
1755,Hyundai
1756,Volvo
1757,Peugeot
1758,Seat
1759,Mercedes
1760,Fiat
1761,Volkswagen
1762,Mercedes
1763,Ford
1764,Daihatsu
1765,Volkswagen
1766,Ford
1767,Fiat
1768,Hyundai
1769,Honda
1770,Chevrolet
1771,Mazda
1772,Daihatsu
1773,Audi
1774,Volvo
1775,Mercedes
1776,Jaguar
1777,Hyundai
1778,Seat
1779,Volvo
1780,Honda
1781,Suzuki
1782,Fiat
1783,Volkswagen
1784,Smart
1785,Ford
1786,Land-Rover
1787,Ford
1788,Volkswagen
1789,Suzuki
1790,Chevrolet
1791,Ford
1792,Fiat
1793,Skoda
1794,BMW
1795,Chrysler
1796,Ford
1797,Audi
1798,Saab
1799,Hyundai
1800,Audi
1801,Porsche
1802,Volvo
1803,Volkswagen
1804,Citroen
1805,Peugeot
1806,Hyundai
1807,Mazda
1808,Mazda
1809,Audi
1810,Smart
1811,Mitsubishi
1812,Fiat
1813,Honda
1814,Rover
1815,Honda
1816,Toyota
1817,Lotus
1818,Mitsubishi
1819,Nissan
1820,Volkswagen
1821,Suzuki
1822,Mitsubishi
1823,Bentley
1824,Mercedes
1825,Skoda
1826,Nissan
1827,Renault
1828,Peugeot
1829,Nissan
1830,Seat
1831,Peugeot
1832,Audi
1833,Toyota
1834,Rover
1835,Chrysler
1836,Kia
1837,Ford
1838,Kia
1839,Smart
1840,Dodge
1841,Alfa-Romeo
1842,Peugeot
1843,Renault
1844,Porsche
1845,Toyota
1846,Chevrolet
1847,Hyundai
1848,Ford
1849,Volvo
1850,Hyundai
1851,Suzuki
1852,Alfa-Romeo
1853,Mazda
1854,Audi
1855,Audi
1856,Kia
1857,Kia
1858,Chevrolet
1859,Daewoo
1860,Peugeot
1861,Porsche
1862,Subaru
1863,Volvo
1864,Hyundai
1865,Alfa-Romeo
1866,Honda
1867,Ford
1868,Chrysler
1869,Ford
1870,Ford
1871,Toyota
1872,Audi
1873,Daewoo
1874,Nissan
1875,Nissan
1876,Aston-Martin
1877,Volkswagen
1878,Honda
1879,Fiat
1880,Aston-Martin
1881,Nissan
1882,BMW
1883,Mazda
1884,Honda
1885,Mitsubishi
1886,Land-Rover
1887,Ssangyong
1888,Chevrolet
1889,Audi
1890,Audi
1891,Subaru
1892,Ford
1893,Audi
1894,Mercedes
1895,Volvo
1896,Mazda
1897,Volkswagen
1898,Fiat
1899,Toyota
1900,Kia
1901,Fiat
1902,Skoda
1903,Aston-Martin
1904,Nissan
1905,Mercedes
1906,BMW
1907,Honda
1908,Mazda
1909,Mercedes
1910,Mercedes
1911,Honda
1912,Daihatsu
1913,Nissan
1914,Kia
1915,Dodge
1916,Alfa-Romeo
1917,Alfa-Romeo
1918,Volkswagen
1919,Honda
1920,Chrysler
1921,Alfa-Romeo
1922,Honda
1923,Mazda
1924,Mercedes
1925,Alfa-Romeo
1926,Mitsubishi
1927,Peugeot
1928,Fiat
1929,Renault
1930,Toyota
1931,Lexus
1932,Lexus
1933,Daewoo
1934,Porsche
1935,Mazda
1936,Citroen
1937,Audi
1938,Ssangyong
1939,Volkswagen
1940,Ford
1941,Audi
1942,BMW
1943,Opel
1944,Ferrari
1945,Fiat
1946,Daihatsu
1947,Toyota
1948,Porsche
1949,Audi
1950,Citroen
1951,Honda
1952,Mitsubishi
1953,Citroen
1954,TVR
1955,Renault
1956,Renault
1957,Ford
1958,Ford
1959,Volkswagen
1960,Renault
1961,Ford
1962,Peugeot
1963,BMW
1964,Nissan
1965,Renault
1966,Volkswagen
1967,Ford
1968,Honda
1969,Ford
1970,Citroen
1971,Toyota
1972,Peugeot
1973,Volkswagen
1974,Mercedes
1975,Peugeot
1976,Audi
1977,Toyota
1978,Peugeot
1979,Nissan
1980,Renault
1981,Citroen
1982,Mini
1983,Rover
1984,Land-Rover
1985,Peugeot
1986,Toyota
1987,BMW
1988,Land-Rover
1989,Honda
1990,Audi
1991,Skoda
1992,Nissan
1993,Mercedes
1994,Honda
1995,Citroen
1996,Toyota
1997,Mercedes
1998,Seat
1999,Renault
2000,Peugeot
2001,Saab
2002,Ford
2003,Skoda
2004,Mazda
2005,Rover
2006,Jaguar
2007,Land-Rover
2008,Suzuki
2009,Volvo
2010,Audi
2011,Mini
2012,BMW
2013,Volvo
2014,Seat
2015,Ford
2016,Mazda
2017,Suzuki
2018,Mazda
2019,Volkswagen
2020,Rover
2021,Audi
2022,Mercedes
2023,Hyundai
2024,Hyundai
2025,Volvo
2026,Citroen
2027,Jaguar
2028,Toyota
2029,Toyota
2030,Citroen
2031,Nissan
2032,Subaru
2033,Mazda
2034,Ford
2035,Volkswagen
2036,MG
2037,BMW
2038,Citroen
2039,Jaguar
2040,Skoda
2041,Citroen
2042,Saab
2043,Mercedes
2044,Peugeot
2045,Peugeot
2046,Mercedes
2047,Mitsubishi
2048,Fiat
2049,Renault
2050,Citroen
2051,Volkswagen
2052,Kia
2053,Toyota
2054,Fiat
2055,Peugeot
2056,Fiat
2057,Volkswagen
2058,Citroen
2059,Fiat
2060,Alfa-Romeo
2061,Chrysler
2062,Suzuki
2063,Citroen
2064,Volvo
2065,Kia
2066,Porsche
2067,Toyota
2068,Daewoo
2069,Peugeot
2070,Mitsubishi
2071,Suzuki
2072,Mazda
2073,Saab
2074,Suzuki
2075,Citroen
2076,Volvo
2077,Volkswagen
2078,Fiat
2079,Toyota
2080,Porsche
2081,Mazda
2082,Nissan
2083,Toyota
2084,Toyota
2085,Alfa-Romeo
2086,Suzuki
2087,MG
2088,Mercedes
2089,Volvo
2090,Volvo
2091,Seat
2092,BMW
2093,Hyundai
2094,BMW
2095,Renault
2096,Nissan
2097,Nissan
2098,Jaguar
2099,Rover
2100,Kia
2101,Volvo
2102,Chrysler
2103,Kia
2104,Subaru
2105,BMW
2106,BMW
2107,Subaru
2108,Mercedes
2109,Volvo
2110,MG
2111,Volvo
2112,BMW
2113,Renault
2114,Toyota
2115,Audi
2116,Audi
2117,MG
2118,Chevrolet
2119,Fiat
2120,Hyundai
2121,Kia
2122,Seat
2123,Ford
2124,Mitsubishi
2125,Seat
2126,Mercedes
2127,Ford
2128,Fiat
2129,Ford
2130,Mitsubishi
2131,Honda
2132,Volvo
2133,Mercedes
2134,Peugeot
2135,Mercedes
2136,Fiat
2137,Daihatsu
2138,Seat
2139,Mercedes
2140,Fiat
2141,Hyundai
2142,Fiat
2143,Ford
2144,Saab
2145,Hyundai
2146,Volkswagen
2147,Daihatsu
2148,Volkswagen
2149,Smart
2150,Chevrolet
2151,Smart
2152,Chrysler
2153,Ford
2154,Suzuki
2155,Peugeot
2156,Mazda
2157,Honda
2158,Mitsubishi
2159,Kia
2160,Land-Rover
2161,Honda
2162,BMW
2163,Nissan
2164,Volkswagen
2165,Suzuki
2166,Mazda
2167,Mitsubishi
2168,Renault
2169,Fiat
2170,Suzuki
2171,Porsche
2172,Hyundai
2173,Mazda
2174,Ford
2175,Skoda
2176,Chevrolet
2177,Citroen
2178,Peugeot
2179,Seat
2180,Volkswagen
2181,Lotus
2182,Rover
2183,Smart
2184,Audi
2185,Toyota
2186,Volvo
2187,Ford
2188,Peugeot
2189,Ford
2190,Honda
2191,Audi
2192,Kia
2193,Bentley
2194,Nissan
2195,Rover
2196,Volvo
2197,Peugeot
2198,Peugeot
2199,Kia
2200,Toyota
2201,Audi
2202,Daewoo
2203,Smart
2204,Hyundai
2205,Mazda
2206,Daewoo
2207,Volvo
2208,Peugeot
2209,Hyundai
2210,Kia
2211,Nissan
2212,Jaguar
2213,Mitsubishi
2214,Chrysler
2215,Skoda
2216,Honda
2217,Nissan
2218,Ford
2219,Hyundai
2220,Audi
2221,Dodge
2222,Alfa-Romeo
2223,Hyundai
2224,Ford
2225,Volvo
2226,Audi
2227,Renault
2228,Alfa-Romeo
2229,Porsche
2230,Ford
2231,Porsche
2232,Volvo
2233,Toyota
2234,Mazda
2235,Chevrolet
2236,Fiat
2237,Land-Rover
2238,Audi
2239,Volkswagen
2240,Nissan
2241,Ford
2242,Honda
2243,Hyundai
2244,Audi
2245,Skoda
2246,Volkswagen
2247,Chrysler
2248,Kia
2249,Volkswagen
2250,Honda
2251,Mazda
2252,Audi
2253,Fiat
2254,BMW
2255,Subaru
2256,Volkswagen
2257,Subaru
2258,Kia
2259,Aston-Martin
2260,Mercedes
2261,Aston-Martin
2262,Audi
2263,Toyota
2264,Mercedes
2265,Mitsubishi
2266,Fiat
2267,Alfa-Romeo
2268,Ssangyong
2269,Ford
2270,Alfa-Romeo
2271,Nissan
2272,Daewoo
2273,Honda
2274,Aston-Martin
2275,Mazda
2276,Mercedes
2277,Honda
2278,Alfa-Romeo
2279,Fiat
2280,Mazda
2281,Honda
2282,Renault
2283,Alfa-Romeo
2284,Nissan
2285,Mercedes
2286,Daihatsu
2287,Suzuki
2288,Mercedes
2289,Toyota
2290,Mitsubishi
2291,Citroen
2292,Renault
2293,Chevrolet
2294,Ssangyong
2295,Mazda
2296,Porsche
2297,Daihatsu
2298,Volkswagen
2299,Mitsubishi
2300,BMW
2301,Mercedes
2302,Lexus
2303,Alfa-Romeo
2304,Nissan
2305,Honda
2306,Ford
2307,Opel
2308,Dodge
2309,Porsche
2310,Ferrari
2311,Fiat
2312,Suzuki
2313,TVR
2314,Lexus
2315,Renault
2316,Audi
2317,Lotus
2318,Suzuki
2319,Ferrari
2320,Volkswagen
2321,Ford
2322,Ford
2323,Volkswagen
2324,Renault
2325,Ford
2326,Peugeot
2327,BMW
2328,Nissan
2329,Renault
2330,Volkswagen
2331,Ford
2332,Ford
2333,Honda
2334,Peugeot
2335,Citroen
2336,Toyota
2337,Peugeot
2338,Peugeot
2339,Volkswagen
2340,Toyota
2341,Mercedes
2342,Rover
2343,Audi
2344,Renault
2345,Nissan
2346,Citroen
2347,Peugeot
2348,Land-Rover
2349,BMW
2350,Land-Rover
2351,Toyota
2352,Nissan
2353,Mini
2354,Honda
2355,Mercedes
2356,Skoda
2357,Honda
2358,Audi
2359,Toyota
2360,Citroen
2361,Mercedes
2362,Seat
2363,Ford
2364,Rover
2365,Saab
2366,Skoda
2367,Mazda
2368,Suzuki
2369,Renault
2370,Land-Rover
2371,Jaguar
2372,Volvo
2373,Mazda
2374,Audi
2375,Volvo
2376,Mini
2377,Hyundai
2378,Toyota
2379,Rover
2380,Volkswagen
2381,Seat
2382,Volvo
2383,Peugeot
2384,Ford
2385,Mercedes
2386,Suzuki
2387,Audi
2388,Mazda
2389,Citroen
2390,Toyota
2391,Peugeot
2392,Skoda
2393,Hyundai
2394,Jaguar
2395,Citroen
2396,Subaru
2397,Ford
2398,Jaguar
2399,BMW
2400,MG
2401,Volkswagen
2402,Fiat
2403,Citroen
2404,Citroen
2405,Renault
2406,Peugeot
2407,Nissan
2408,Saab
2409,Citroen
2410,BMW
2411,Mercedes
2412,Fiat
2413,Fiat
2414,Mercedes
2415,Citroen
2416,Mazda
2417,Volkswagen
2418,Alfa-Romeo
2419,Citroen
2420,Mitsubishi
2421,Daewoo
2422,Suzuki
2423,Fiat
2424,Toyota
2425,Kia
2426,Mitsubishi
2427,Saab
2428,Peugeot
2429,Chrysler
2430,Mazda
2431,Volkswagen
2432,Volvo
2433,Volvo
2434,Porsche
2435,Suzuki
2436,Peugeot
2437,Kia
2438,Volvo
2439,Toyota
2440,Fiat
2441,Suzuki
2442,Volkswagen
2443,Volvo
2444,Toyota
2445,Toyota
2446,Porsche
2447,Ford
2448,Mercedes
2449,Alfa-Romeo
2450,MG
2451,Audi
2452,BMW
2453,Nissan
2454,Suzuki
2455,Rover
2456,Mercedes
2457,Seat
2458,Fiat
2459,Hyundai
2460,Jaguar
2461,Volvo
2462,Subaru
2463,BMW
2464,Citroen
2465,Volvo
2466,Chrysler
2467,Kia
2468,MG
2469,BMW
2470,Subaru
2471,Kia
2472,Fiat
2473,Mercedes
2474,Audi
2475,MG
2476,Renault
2477,BMW
2478,Seat
2479,Renault
2480,Saab
2481,BMW
2482,Mazda
2483,Nissan
2484,Mitsubishi
2485,Hyundai
2486,Fiat
2487,Hyundai
2488,Honda
2489,Seat
2490,Mercedes
2491,Renault
2492,Ford
2493,Ford
2494,Kia
2495,Volvo
2496,Toyota
2497,Volvo
2498,Peugeot
2499,Chrysler
2500,Mitsubishi
2501,Toyota
2502,Seat
2503,Ford
2504,Honda
2505,Mitsubishi
2506,Ford
2507,Chevrolet
2508,Daihatsu
2509,Fiat
2510,Hyundai
2511,Smart
2512,Nissan
2513,Mercedes
2514,Daihatsu
2515,Ford
2516,Suzuki
2517,Mitsubishi
2518,Suzuki
2519,Volkswagen
2520,Mercedes
2521,Nissan
2522,Peugeot
2523,Daewoo
2524,Fiat
2525,Seat
2526,Mazda
2527,Chevrolet
2528,Ford
2529,Mazda
2530,Land-Rover
2531,Volkswagen
2532,Hyundai
2533,Lotus
2534,Kia
2535,Ford
2536,Toyota
2537,Rover
2538,BMW
2539,Porsche
2540,Peugeot
2541,Honda
2542,Smart
2543,Nissan
2544,Citroen
2545,Toyota
2546,Skoda
2547,Peugeot
2548,Kia
2549,Audi
2550,Honda
2551,Honda
2552,Mazda
2553,Daewoo
2554,Ford
2555,Fiat
2556,Mazda
2557,Chevrolet
2558,Rover
2559,Smart
2560,Volvo
2561,Volvo
2562,Hyundai
2563,Peugeot
2564,Skoda
2565,Volvo
2566,Nissan
2567,Volkswagen
2568,Suzuki
2569,Smart
2570,Land-Rover
2571,Audi
2572,Bentley
2573,Volkswagen
2574,Audi
2575,Volvo
2576,Peugeot
2577,Hyundai
2578,Volkswagen
2579,Audi
2580,Toyota
2581,Porsche
2582,Kia
2583,Audi
2584,Mazda
2585,Ford
2586,Fiat
2587,Volkswagen
2588,Mazda
2589,Nissan
2590,Ford
2591,Alfa-Romeo
2592,Audi
2593,Nissan
2594,Kia
2595,Chrysler
2596,Daewoo
2597,Honda
2598,Mitsubishi
2599,Audi
2600,Honda
2601,Alfa-Romeo
2602,Hyundai
2603,Subaru
2604,Chrysler
2605,Dodge
2606,Kia
2607,Alfa-Romeo
2608,Kia
2609,Toyota
2610,BMW
2611,Mercedes
2612,Porsche
2613,Fiat
2614,Nissan
2615,Volkswagen
2616,Skoda
2617,Chevrolet
2618,Audi
2619,Renault
2620,Renault
2621,Volvo
2622,Alfa-Romeo
2623,Honda
2624,Aston-Martin
2625,Mazda
2626,Ssangyong
2627,Subaru
2628,Aston-Martin
2629,Mitsubishi
2630,Aston-Martin
2631,Citroen
2632,Mazda
2633,Honda
2634,Alfa-Romeo
2635,Mercedes
2636,Honda
2637,Ford
2638,Ssangyong
2639,Mitsubishi
2640,Toyota
2641,Nissan
2642,Mitsubishi
2643,Fiat
2644,Suzuki
2645,Daihatsu
2646,Nissan
2647,Daihatsu
2648,Porsche
2649,Alfa-Romeo
2650,BMW
2651,Mazda
2652,Mercedes
2653,Mercedes
2654,Honda
2655,Porsche
2656,Peugeot
2657,Suzuki
2658,Fiat
2659,Audi
2660,Opel
2661,Alfa-Romeo
2662,Lotus
2663,TVR
2664,Fiat
2665,Audi
2666,Hyundai
2667,Renault
2668,Ferrari
2669,Lexus
2670,Fiat
2671,Ford
2672,Triumph
2673,Ferrari
2674,Ford
2675,Ford
2676,Ford
2677,Volkswagen
2678,Renault
2679,Peugeot
2680,Nissan
2681,BMW
2682,Ford
2683,Renault
2684,Volkswagen
2685,Ford
2686,Honda
2687,Peugeot
2688,Rover
2689,Peugeot
2690,Citroen
2691,Toyota
2692,Volkswagen
2693,Renault
2694,Mercedes
2695,Toyota
2696,Peugeot
2697,Citroen
2698,Audi
2699,Peugeot
2700,Nissan
2701,Nissan
2702,Land-Rover
2703,BMW
2704,Land-Rover
2705,Toyota
2706,Honda
2707,Mercedes
2708,Mini
2709,Skoda
2710,Audi
2711,Toyota
2712,Honda
2713,Seat
2714,Ford
2715,Citroen
2716,Mercedes
2717,Rover
2718,Suzuki
2719,Mazda
2720,Toyota
2721,Skoda
2722,Mazda
2723,Saab
2724,Peugeot
2725,Hyundai
2726,Volvo
2727,Land-Rover
2728,Citroen
2729,Volvo
2730,Audi
2731,Rover
2732,Citroen
2733,Jaguar
2734,Peugeot
2735,Volvo
2736,Skoda
2737,Volkswagen
2738,Mini
2739,Fiat
2740,Renault
2741,Toyota
2742,Citroen
2743,Seat
2744,Mercedes
2745,Jaguar
2746,Ford
2747,MG
2748,Subaru
2749,Jaguar
2750,Volkswagen
2751,Renault
2752,Audi
2753,Suzuki
2754,Ford
2755,Mazda
2756,Hyundai
2757,Citroen
2758,Fiat
2759,Saab
2760,Ford
2761,Fiat
2762,Alfa-Romeo
2763,Citroen
2764,Saab
2765,Citroen
2766,Daewoo
2767,Mazda
2768,Mercedes
2769,Volvo
2770,Nissan
2771,BMW
2772,Mitsubishi
2773,Toyota
2774,Mercedes
2775,Volkswagen
2776,Volvo
2777,Suzuki
2778,Volvo
2779,BMW
2780,Suzuki
2781,Audi
2782,Fiat
2783,Mitsubishi
2784,Mercedes
2785,Chrysler
2786,Fiat
2787,Toyota
2788,Mazda
2789,Porsche
2790,Volvo
2791,Toyota
2792,Volkswagen
2793,Fiat
2794,Kia
2795,Rover
2796,Kia
2797,Suzuki
2798,BMW
2799,Porsche
2800,Nissan
2801,Renault
2802,MG
2803,Alfa-Romeo
2804,Volkswagen
2805,Suzuki
2806,Citroen
2807,Seat
2808,Saab
2809,Peugeot
2810,Subaru
2811,Mercedes
2812,Fiat
2813,BMW
2814,Mercedes
2815,Hyundai
2816,MG
2817,Volvo
2818,Jaguar
2819,Chrysler
2820,Hyundai
2821,Ford
2822,Audi
2823,MG
2824,BMW
2825,Seat
2826,Subaru
2827,Volvo
2828,Kia
2829,Mitsubishi
2830,Seat
2831,Ford
2832,Ford
2833,Honda
2834,Peugeot
2835,Kia
2836,Renault
2837,Peugeot
2838,Ford
2839,Peugeot
2840,Chrysler
2841,Fiat
2842,Ford
2843,Daewoo
2844,Mercedes
2845,Honda
2846,Renault
2847,Mitsubishi
2848,Hyundai
2849,Toyota
2850,Nissan
2851,Mitsubishi
2852,BMW
2853,Kia
2854,Volvo
2855,BMW
2856,Ford
2857,Peugeot
2858,Fiat
2859,Mazda
2860,Nissan
2861,Suzuki
2862,Mitsubishi
2863,Seat
2864,Smart
2865,Kia
2866,Suzuki
2867,Daihatsu
2868,Volvo
2869,Honda
2870,Fiat
2871,Fiat
2872,Mazda
2873,Daihatsu
2874,Volvo
2875,Skoda
2876,Toyota
2877,Mazda
2878,Citroen
2879,Ford
2880,Lotus
2881,Hyundai
2882,Daewoo
2883,Hyundai
2884,Toyota
2885,Rover
2886,Mercedes
2887,Peugeot
2888,Kia
2889,Audi
2890,Fiat
2891,Land-Rover
2892,Mazda
2893,Volkswagen
2894,Toyota
2895,Nissan
2896,Seat
2897,Land-Rover
2898,Chevrolet
2899,BMW
2900,Porsche
2901,Audi
2902,Rover
2903,Honda
2904,Citroen
2905,Volkswagen
2906,Skoda
2907,Smart
2908,Hyundai
2909,Volvo
2910,Daewoo
2911,Volvo
2912,Peugeot
2913,Volkswagen
2914,Chevrolet
2915,Mazda
2916,Toyota
2917,Smart
2918,Mazda
2919,Mercedes
2920,Porsche
2921,Honda
2922,Volkswagen
2923,Audi
2924,Hyundai
2925,Audi
2926,Ford
2927,Nissan
2928,Kia
2929,Renault
2930,Ford
2931,Peugeot
2932,Nissan
2933,Volvo
2934,Chevrolet
2935,Subaru
2936,Alfa-Romeo
2937,Audi
2938,Bentley
2939,Alfa-Romeo
2940,Mazda
2941,Honda
2942,Honda
2943,Kia
2944,Smart
2945,Volkswagen
2946,Renault
2947,Toyota
2948,Nissan
2949,Peugeot
2950,Audi
2951,Mercedes
2952,Hyundai
2953,Citroen
2954,Alfa-Romeo
2955,Chrysler
2956,BMW
2957,Kia
2958,Fiat
2959,Mazda
2960,Nissan
2961,Honda
2962,Ford
2963,Nissan
2964,Alfa-Romeo
2965,Fiat
2966,Aston-Martin
2967,Ssangyong
2968,Volkswagen
2969,Mazda
2970,Alfa-Romeo
2971,Honda
2972,Mitsubishi
2973,Honda
2974,Chevrolet
2975,Chrysler
2976,Suzuki
2977,Mercedes
2978,Toyota
2979,Volkswagen
2980,Subaru
2981,Ssangyong
2982,Mitsubishi
2983,Aston-Martin
2984,Mitsubishi
2985,Audi
2986,Suzuki
2987,Mitsubishi
2988,Porsche
2989,Audi
2990,Alfa-Romeo
2991,Dodge
2992,Daihatsu
2993,Audi
2994,Suzuki
2995,BMW
2996,Porsche
2997,Aston-Martin
2998,Honda
2999,Porsche
3000,Mazda
3001,Fiat
3002,Nissan
3003,Opel
3004,Daihatsu
3005,Hyundai
3006,TVR
3007,Lotus
3008,Peugeot
3009,Renault
3010,Ferrari
3011,Renault
3012,Alfa-Romeo
3013,Triumph
3014,Mercedes
3015,Ford
3016,Ford
3017,Ford
3018,Volkswagen
3019,Renault
3020,Ford
3021,Nissan
3022,BMW
3023,Peugeot
3024,Volkswagen
3025,Renault
3026,Ford
3027,Honda
3028,Rover
3029,Peugeot
3030,Peugeot
3031,Citroen
3032,Toyota
3033,Renault
3034,Volkswagen
3035,Citroen
3036,Peugeot
3037,Mercedes
3038,Toyota
3039,Nissan
3040,Nissan
3041,Audi
3042,Peugeot
3043,BMW
3044,Land-Rover
3045,Honda
3046,Land-Rover
3047,Toyota
3048,Mercedes
3049,Peugeot
3050,Mini
3051,Skoda
3052,Toyota
3053,Toyota
3054,Seat
3055,Mazda
3056,Ford
3057,Peugeot
3058,Citroen
3059,Rover
3060,Audi
3061,Citroen
3062,Mercedes
3063,Suzuki
3064,Citroen
3065,Hyundai
3066,Honda
3067,Citroen
3068,Mazda
3069,Skoda
3070,Rover
3071,Volvo
3072,Ford
3073,Skoda
3074,Volvo
3075,Fiat
3076,Saab
3077,Land-Rover
3078,Audi
3079,Volvo
3080,Toyota
3081,Volkswagen
3082,Jaguar
3083,Jaguar
3084,Ford
3085,Volvo
3086,Mini
3087,MG
3088,Renault
3089,Mercedes
3090,Subaru
3091,Mazda
3092,Volkswagen
3093,Seat
3094,Saab
3095,Jaguar
3096,Audi
3097,Fiat
3098,Suzuki
3099,Daewoo
3100,Audi
3101,Renault
3102,Toyota
3103,Mitsubishi
3104,Alfa-Romeo
3105,Volvo
3106,Citroen
3107,Volvo
3108,Saab
3109,Mercedes
3110,Renault
3111,Hyundai
3112,Fiat
3113,Fiat
3114,Ford
3115,Citroen
3116,Fiat
3117,Suzuki
3118,Volkswagen
3119,Mercedes
3120,Mercedes
3121,BMW
3122,Mazda
3123,Nissan
3124,Citroen
3125,Rover
3126,Toyota
3127,Suzuki
3128,Ford
3129,Toyota
3130,Ford
3131,Volkswagen
3132,Saab
3133,Mitsubishi
3134,BMW
3135,Chrysler
3136,Porsche
3137,Peugeot
3138,Nissan
3139,Suzuki
3140,Fiat
3141,MG
3142,Mercedes
3143,Volvo
3144,Fiat
3145,Hyundai
3146,Kia
3147,Porsche
3148,Subaru
3149,Alfa-Romeo
3150,BMW
3151,Fiat
3152,Seat
3153,Daewoo
3154,Suzuki
3155,Ford
3156,Mercedes
3157,MG
3158,Nissan
3159,Mazda
3160,Seat
3161,Seat
3162,Volvo
3163,Honda
3164,BMW
3165,BMW
3166,Audi
3167,Chrysler
3168,Kia
3169,Ford
3170,Jaguar
3171,Chrysler
3172,Mitsubishi
3173,MG
3174,Subaru
3175,Honda
3176,Mitsubishi
3177,Volkswagen
3178,Mitsubishi
3179,Hyundai
3180,Nissan
3181,Fiat
3182,Kia
3183,Skoda
3184,Mercedes
3185,Ford
3186,Renault
3187,Kia
3188,Fiat
3189,Volvo
3190,Volvo
3191,Honda
3192,Suzuki
3193,Ford
3194,Seat
3195,Hyundai
3196,Citroen
3197,Ford
3198,Peugeot
3199,Land-Rover
3200,Toyota
3201,Audi
3202,Volvo
3203,Kia
3204,Kia
3205,Peugeot
3206,Daewoo
3207,Mazda
3208,BMW
3209,Mitsubishi
3210,Suzuki
3211,Fiat
3212,Daihatsu
3213,Daewoo
3214,Renault
3215,Mazda
3216,Smart
3217,Mazda
3218,Mazda
3219,Lotus
3220,Peugeot
3221,Toyota
3222,Renault
3223,Kia
3224,BMW
3225,Hyundai
3226,Fiat
3227,Volkswagen
3228,Daihatsu
3229,Volvo
3230,Rover
3231,Hyundai
3232,Volvo
3233,Mazda
3234,Mazda
3235,Audi
3236,Rover
3237,Land-Rover
3238,Porsche
3239,Toyota
3240,Volkswagen
3241,Ford
3242,Honda
3243,Kia
3244,Audi
3245,Volvo
3246,Subaru
3247,Ford
3248,Porsche
3249,Volkswagen
3250,Audi
3251,Nissan
3252,BMW
3253,Citroen
3254,Alfa-Romeo
3255,Mercedes
3256,Renault
3257,Peugeot
3258,Volkswagen
3259,Hyundai
3260,Skoda
3261,Smart
3262,Volkswagen
3263,Hyundai
3264,Toyota
3265,Citroen
3266,Alfa-Romeo
3267,Fiat
3268,Peugeot
3269,Audi
3270,Nissan
3271,Nissan
3272,Honda
3273,Nissan
3274,Smart
3275,Honda
3276,Toyota
3277,Alfa-Romeo
3278,Mercedes
3279,Mazda
3280,Honda
3281,Seat
3282,Volvo
3283,Peugeot
3284,Honda
3285,Chevrolet
3286,Audi
3287,Bentley
3288,Suzuki
3289,BMW
3290,Ssangyong
3291,Hyundai
3292,Chevrolet
3293,Honda
3294,Audi
3295,Aston-Martin
3296,Alfa-Romeo
3297,Kia
3298,Fiat
3299,Smart
3300,Mazda
3301,Alfa-Romeo
3302,Honda
3303,Chrysler
3304,Toyota
3305,Mitsubishi
3306,Renault
3307,Hyundai
3308,Suzuki
3309,Kia
3310,Mitsubishi
3311,Mercedes
3312,Toyota
3313,Mitsubishi
3314,Alfa-Romeo
3315,Peugeot
3316,Daihatsu
3317,BMW
3318,Honda
3319,Chevrolet
3320,Porsche
3321,Alfa-Romeo
3322,Porsche
3323,Ssangyong
3324,Renault
3325,Peugeot
3326,Fiat
3327,Subaru
3328,Aston-Martin
3329,Mazda
3330,Seat
3331,Lotus
3332,Triumph
3333,Citroen
3334,Opel
3335,Triumph
3336,Ferrari
3337,TVR
3338,Audi
3339,Nissan
3340,Mazda
3341,Renault
3342,Mercedes
3343,Suzuki
3344,Lada
3345,Ford
3346,Ford
3347,Ford
3348,Volkswagen
3349,Renault
3350,Ford
3351,Nissan
3352,BMW
3353,Volkswagen
3354,Renault
3355,Peugeot
3356,Rover
3357,Peugeot
3358,Honda
3359,Ford
3360,Peugeot
3361,Renault
3362,Toyota
3363,Citroen
3364,Citroen
3365,Peugeot
3366,Volkswagen
3367,Nissan
3368,Mercedes
3369,Nissan
3370,Toyota
3371,BMW
3372,Audi
3373,Land-Rover
3374,Honda
3375,Peugeot
3376,Peugeot
3377,Land-Rover
3378,Peugeot
3379,Toyota
3380,Toyota
3381,Mercedes
3382,Ford
3383,Mazda
3384,Citroen
3385,Citroen
3386,Citroen
3387,Seat
3388,Skoda
3389,Toyota
3390,Ford
3391,Suzuki
3392,Hyundai
3393,Mini
3394,Mercedes
3395,Rover
3396,Fiat
3397,Skoda
3398,Mazda
3399,Audi
3400,Volvo
3401,Rover
3402,Volvo
3403,Volvo
3404,Citroen
3405,Volvo
3406,Land-Rover
3407,Jaguar
3408,Skoda
3409,Renault
3410,Audi
3411,Toyota
3412,Saab
3413,Mazda
3414,Ford
3415,Honda
3416,Ford
3417,Volkswagen
3418,Audi
3419,Saab
3420,Renault
3421,Fiat
3422,Subaru
3423,Jaguar
3424,Ford
3425,Mercedes
3426,Daewoo
3427,MG
3428,Volvo
3429,Mercedes
3430,Fiat
3431,Volvo
3432,Peugeot
3433,Toyota
3434,Suzuki
3435,Mitsubishi
3436,Jaguar
3437,Volkswagen
3438,Audi
3439,Fiat
3440,Seat
3441,Mini
3442,Alfa-Romeo
3443,Saab
3444,Rover
3445,Saab
3446,Fiat
3447,Citroen
3448,Toyota
3449,Suzuki
3450,Volkswagen
3451,Citroen
3452,Mercedes
3453,Fiat
3454,BMW
3455,Nissan
3456,Ford
3457,Toyota
3458,Volkswagen
3459,Mercedes
3460,Hyundai
3461,Mercedes
3462,Fiat
3463,Daewoo
3464,Mitsubishi
3465,Hyundai
3466,Nissan
3467,BMW
3468,Porsche
3469,Ford
3470,Renault
3471,Suzuki
3472,Chrysler
3473,Subaru
3474,Suzuki
3475,Nissan
3476,BMW
3477,Mazda
3478,Fiat
3479,Fiat
3480,MG
3481,Honda
3482,Skoda
3483,Porsche
3484,Kia
3485,Seat
3486,Citroen
3487,Mercedes
3488,Seat
3489,Alfa-Romeo
3490,Seat
3491,Mitsubishi
3492,Volvo
3493,Mitsubishi
3494,Chrysler
3495,Volvo
3496,Ford
3497,Kia
3498,Suzuki
3499,MG
3500,Honda
3501,BMW
3502,Jaguar
3503,Volvo
3504,Honda
3505,Nissan
3506,Renault
3507,Audi
3508,Chrysler
3509,Audi
3510,Mitsubishi
3511,Land-Rover
3512,Subaru
3513,Suzuki
3514,Fiat
3515,Toyota
3516,Ford
3517,Seat
3518,Mercedes
3519,Ford
3520,MG
3521,Renault
3522,Hyundai
3523,Daewoo
3524,Daewoo
3525,Kia
3526,Mazda
3527,Ford
3528,Mazda
3529,Volvo
3530,Volkswagen
3531,Mazda
3532,Hyundai
3533,Fiat
3534,Toyota
3535,Kia
3536,Peugeot
3537,Kia
3538,Lotus
3539,Volvo
3540,Volkswagen
3541,Peugeot
3542,Daihatsu
3543,Suzuki
3544,Mazda
3545,Volvo
3546,Volkswagen
3547,Audi
3548,Mazda
3549,Mazda
3550,BMW
3551,Hyundai
3552,Mitsubishi
3553,Ford
3554,Hyundai
3555,Kia
3556,Volkswagen
3557,Porsche
3558,Toyota
3559,Volkswagen
3560,Volvo
3561,Subaru
3562,Fiat
3563,Renault
3564,Kia
3565,Smart
3566,Kia
3567,Fiat
3568,Citroen
3569,Daihatsu
3570,Alfa-Romeo
3571,Nissan
3572,Ford
3573,Audi
3574,Nissan
3575,Mazda
3576,Land-Rover
3577,Honda
3578,Audi
3579,Rover
3580,Nissan
3581,Alfa-Romeo
3582,BMW
3583,Hyundai
3584,Rover
3585,Audi
3586,BMW
3587,Honda
3588,Suzuki
3589,Alfa-Romeo
3590,Honda
3591,Peugeot
3592,Mazda
3593,Citroen
3594,Peugeot
3595,BMW
3596,Porsche
3597,Mercedes
3598,Audi
3599,Toyota
3600,Honda
3601,Renault
3602,Smart
3603,Peugeot
3604,Skoda
3605,Honda
3606,Hyundai
3607,Ssangyong
3608,Mercedes
3609,Alfa-Romeo
3610,Renault
3611,BMW
3612,Peugeot
3613,Volkswagen
3614,Aston-Martin
3615,Audi
3616,Alfa-Romeo
3617,Suzuki
3618,Nissan
3619,Peugeot
3620,Mazda
3621,Alfa-Romeo
3622,Honda
3623,Toyota
3624,Toyota
3625,Mitsubishi
3626,Seat
3627,Volvo
3628,Lada
3629,Kia
3630,Porsche
3631,BMW
3632,Daihatsu
3633,Hyundai
3634,Triumph
3635,Honda
3636,Volvo
3637,Porsche
3638,Bentley
3639,Mercedes
3640,Hyundai
3641,Fiat
3642,Renault
3643,Lotus
3644,Mitsubishi
3645,Triumph
3646,Chrysler
3647,Peugeot
3648,Mitsubishi
3649,Audi
3650,Mazda
3651,Opel
3652,Ferrari
3653,Rover
3654,TVR
3655,Suzuki
3656,TVR
3657,Seat
3658,Ford
3659,Ford
3660,Ford
3661,Volkswagen
3662,Renault
3663,Nissan
3664,Ford
3665,Rover
3666,BMW
3667,Volkswagen
3668,Renault
3669,Peugeot
3670,Peugeot
3671,Honda
3672,Peugeot
3673,Ford
3674,Renault
3675,Toyota
3676,Citroen
3677,Peugeot
3678,Nissan
3679,Citroen
3680,Volkswagen
3681,Peugeot
3682,Ford
3683,Mercedes
3684,Nissan
3685,BMW
3686,Peugeot
3687,Land-Rover
3688,Honda
3689,Toyota
3690,Audi
3691,Toyota
3692,Citroen
3693,Citroen
3694,Mazda
3695,Citroen
3696,Land-Rover
3697,Mercedes
3698,Toyota
3699,Peugeot
3700,Ford
3701,Seat
3702,Hyundai
3703,Volvo
3704,Ford
3705,Renault
3706,Suzuki
3707,Fiat
3708,Toyota
3709,Skoda
3710,Skoda
3711,Mercedes
3712,Mazda
3713,Ford
3714,Mazda
3715,Peugeot
3716,Jaguar
3717,Audi
3718,Rover
3719,Rover
3720,Volvo
3721,Volvo
3722,Land-Rover
3723,Saab
3724,Volvo
3725,Mini
3726,Toyota
3727,Audi
3728,Ford
3729,Fiat
3730,Mercedes
3731,Renault
3732,Audi
3733,Skoda
3734,Nissan
3735,Fiat
3736,Volvo
3737,Fiat
3738,Volkswagen
3739,Saab
3740,Daewoo
3741,Suzuki
3742,Citroen
3743,Volvo
3744,Saab
3745,Toyota
3746,Subaru
3747,Fiat
3748,Mitsubishi
3749,Rover
3750,Mercedes
3751,Toyota
3752,Volkswagen
3753,Jaguar
3754,MG
3755,Honda
3756,Fiat
3757,BMW
3758,Jaguar
3759,Audi
3760,Hyundai
3761,Alfa-Romeo
3762,Mercedes
3763,Daewoo
3764,Saab
3765,Volkswagen
3766,Toyota
3767,Seat
3768,Suzuki
3769,Fiat
3770,Mitsubishi
3771,Skoda
3772,Ford
3773,Mercedes
3774,Volkswagen
3775,Citroen
3776,Mini
3777,Renault
3778,Citroen
3779,Nissan
3780,Honda
3781,Subaru
3782,Mercedes
3783,Fiat
3784,BMW
3785,Porsche
3786,Volvo
3787,Mitsubishi
3788,Honda
3789,Fiat
3790,Seat
3791,Kia
3792,Mitsubishi
3793,Ford
3794,Chrysler
3795,Suzuki
3796,Audi
3797,Chrysler
3798,Porsche
3799,Ford
3800,Land-Rover
3801,BMW
3802,Mercedes
3803,Seat
3804,Nissan
3805,Seat
3806,MG
3807,Suzuki
3808,Toyota
3809,Honda
3810,Alfa-Romeo
3811,Jaguar
3812,BMW
3813,Daewoo
3814,Suzuki
3815,Ford
3816,Seat
3817,Ford
3818,Volvo
3819,Nissan
3820,Volkswagen
3821,Kia
3822,Audi
3823,Mazda
3824,Suzuki
3825,MG
3826,Hyundai
3827,Subaru
3828,Chrysler
3829,Volvo
3830,Daewoo
3831,Fiat
3832,Renault
3833,Mitsubishi
3834,Mercedes
3835,Kia
3836,Mazda
3837,Volkswagen
3838,Mazda
3839,Fiat
3840,Volkswagen
3841,Audi
3842,Toyota
3843,MG
3844,Ford
3845,Mazda
3846,Kia
3847,Citroen
3848,Peugeot
3849,Hyundai
3850,Subaru
3851,Mazda
3852,Volvo
3853,Renault
3854,Lotus
3855,Fiat
3856,Nissan
3857,Volvo
3858,Daihatsu
3859,Mazda
3860,Toyota
3861,Porsche
3862,Volkswagen
3863,Hyundai
3864,Mitsubishi
3865,Kia
3866,Peugeot
3867,Volvo
3868,Alfa-Romeo
3869,Ford
3870,Daihatsu
3871,Renault
3872,Audi
3873,Nissan
3874,Kia
3875,Hyundai
3876,Suzuki
3877,Hyundai
3878,Suzuki
3879,Nissan
3880,Hyundai
3881,Audi
3882,Ford
3883,Renault
3884,Alfa-Romeo
3885,Honda
3886,Honda
3887,Alfa-Romeo
3888,Fiat
3889,Audi
3890,Honda
3891,Lada
3892,Mazda
3893,Audi
3894,Hyundai
3895,Land-Rover
3896,Renault
3897,Honda
3898,Peugeot
3899,Mercedes
3900,Peugeot
3901,Alfa-Romeo
3902,BMW
3903,Seat
3904,Ssangyong
3905,Alfa-Romeo
3906,Honda
3907,Volvo
3908,Suzuki
3909,Triumph
3910,Toyota
3911,BMW
3912,Citroen
3913,Mercedes
3914,Smart
3915,Mitsubishi
3916,Aston-Martin
3917,Toyota
3918,Kia
3919,Peugeot
3920,Honda
3921,Alfa-Romeo
3922,Peugeot
3923,Peugeot
3924,Porsche
3925,BMW
3926,BMW
3927,Daihatsu
3928,Honda
3929,Mazda
3930,Porsche
3931,Renault
3932,Citroen
3933,Audi
3934,Mazda
3935,Skoda
3936,Lotus
3937,Triumph
3938,Alfa-Romeo
3939,Rover
3940,Fiat
3941,Audi
3942,Porsche
3943,Rover
3944,Opel
3945,Kia
3946,Daihatsu
3947,Volkswagen
3948,Daimler
3949,Mercedes
3950,Opel
3951,Suzuki
3952,TVR
3953,Daimler
3954,TVR
3955,Lancia
3956,Volvo
3957,Ford
3958,Ford
3959,Ford
3960,Volkswagen
3961,Nissan
3962,Renault
3963,Rover
3964,Volkswagen
3965,BMW
3966,Ford
3967,Renault
3968,Peugeot
3969,Peugeot
3970,Honda
3971,Peugeot
3972,Ford
3973,Ford
3974,Toyota
3975,Citroen
3976,Peugeot
3977,Renault
3978,Nissan
3979,Peugeot
3980,Peugeot
3981,Volkswagen
3982,BMW
3983,Citroen
3984,Toyota
3985,Honda
3986,Land-Rover
3987,Nissan
3988,Mercedes
3989,Citroen
3990,Ford
3991,Citroen
3992,Citroen
3993,Mazda
3994,Audi
3995,Toyota
3996,Renault
3997,Volvo
3998,Ford
3999,Mercedes
4000,Land-Rover
4001,Peugeot
4002,Hyundai
4003,Seat
4004,Fiat
4005,Skoda
4006,Toyota
4007,Fiat
4008,Suzuki
4009,Mazda
4010,Audi
4011,Ford
4012,Nissan
4013,Toyota
4014,Jaguar
4015,Saab
4016,Mazda
4017,Mercedes
4018,Mercedes
4019,Ford
4020,Skoda
4021,Peugeot
4022,Toyota
4023,Land-Rover
4024,Volvo
4025,Renault
4026,Fiat
4027,Volvo
4028,Saab
4029,Volvo
4030,Volvo
4031,Suzuki
4032,Rover
4033,Daewoo
4034,Volvo
4035,Rover
4036,Audi
4037,Audi
4038,Fiat
4039,Fiat
4040,Rover
4041,Fiat
4042,Toyota
4043,Volkswagen
4044,Renault
4045,Skoda
4046,Saab
4047,Toyota
4048,Subaru
4049,Mitsubishi
4050,Skoda
4051,Hyundai
4052,Daewoo
4053,Mercedes
4054,BMW
4055,Fiat
4056,Mitsubishi
4057,Ford
4058,Mini
4059,Fiat
4060,Toyota
4061,Honda
4062,Volvo
4063,Mercedes
4064,Volkswagen
4065,Volkswagen
4066,Jaguar
4067,Saab
4068,Subaru
4069,Alfa-Romeo
4070,Nissan
4071,Mitsubishi
4072,Honda
4073,Suzuki
4074,Audi
4075,Audi
4076,Volkswagen
4077,Kia
4078,BMW
4079,Mercedes
4080,Land-Rover
4081,Mitsubishi
4082,Seat
4083,Mercedes
4084,Porsche
4085,Seat
4086,Volkswagen
4087,Jaguar
4088,Toyota
4089,Ford
4090,Chrysler
4091,Nissan
4092,MG
4093,Citroen
4094,Daewoo
4095,Citroen
4096,Ford
4097,Suzuki
4098,Suzuki
4099,Mercedes
4100,Mini
4101,Porsche
4102,Chrysler
4103,Seat
4104,Citroen
4105,Seat
4106,Honda
4107,Seat
4108,Jaguar
4109,Fiat
4110,Honda
4111,Volkswagen
4112,Ford
4113,Daewoo
4114,Citroen
4115,Mazda
4116,Volkswagen
4117,BMW
4118,Ford
4119,Suzuki
4120,Nissan
4121,Alfa-Romeo
4122,BMW
4123,Audi
4124,Subaru
4125,Renault
4126,Mazda
4127,Renault
4128,Kia
4129,Subaru
4130,Renault
4131,Volvo
4132,Mazda
4133,Audi
4134,Fiat
4135,Volvo
4136,Mazda
4137,Chrysler
4138,Renault
4139,Mitsubishi
4140,Toyota
4141,Toyota
4142,Suzuki
4143,Mercedes
4144,Peugeot
4145,Porsche
4146,Volkswagen
4147,Lada
4148,Hyundai
4149,Kia
4150,Lotus
4151,MG
4152,Hyundai
4153,Kia
4154,Fiat
4155,Suzuki
4156,Mitsubishi
4157,Volvo
4158,Fiat
4159,MG
4160,Volvo
4161,Alfa-Romeo
4162,Kia
4163,Daihatsu
4164,Audi
4165,Mazda
4166,Ford
4167,Nissan
4168,Volvo
4169,Nissan
4170,Audi
4171,Honda
4172,Peugeot
4173,Nissan
4174,Daihatsu
4175,Seat
4176,Honda
4177,Peugeot
4178,Alfa-Romeo
4179,Alfa-Romeo
4180,Hyundai
4181,Honda
4182,Mazda
4183,MG
4184,Alfa-Romeo
4185,Triumph
4186,Alfa-Romeo
4187,Peugeot
4188,Peugeot
4189,Hyundai
4190,Mazda
4191,Audi
4192,Audi
4193,Mercedes
4194,Ssangyong
4195,Suzuki
4196,Suzuki
4197,Renault
4198,Honda
4199,Kia
4200,Hyundai
4201,Land-Rover
4202,BMW
4203,Mitsubishi
4204,Hyundai
4205,Toyota
4206,Honda
4207,Ford
4208,Alfa-Romeo
4209,Mercedes
4210,Honda
4211,Fiat
4212,BMW
4213,Aston-Martin
4214,Porsche
4215,BMW
4216,Daihatsu
4217,Honda
4218,Alfa-Romeo
4219,Porsche
4220,Opel
4221,Triumph
4222,Lotus
4223,Daihatsu
4224,Toyota
4225,Rover
4226,Fiat
4227,Audi
4228,Nissan
4229,Datsun
4230,Fiat
4231,Lancia
4232,Daimler
4233,Toyota
4234,Daimler
4235,Suzuki
4236,Lada
4237,Hyundai
4238,TVR
4239,Hyundai
4240,Audi
4241,Saab
4242,Peugeot
4243,Ford
4244,Ford
4245,Ford
4246,Rover
4247,Volkswagen
4248,Nissan
4249,Renault
4250,Volkswagen
4251,BMW
4252,Peugeot
4253,Ford
4254,Peugeot
4255,Renault
4256,Honda
4257,Ford
4258,Peugeot
4259,Peugeot
4260,Peugeot
4261,Toyota
4262,Ford
4263,Citroen
4264,Renault
4265,Nissan
4266,Ford
4267,Citroen
4268,Toyota
4269,Peugeot
4270,BMW
4271,Volkswagen
4272,Honda
4273,Citroen
4274,Land-Rover
4275,Ford
4276,Citroen
4277,Mazda
4278,Mercedes
4279,Peugeot
4280,Nissan
4281,Renault
4282,Citroen
4283,Volvo
4284,Fiat
4285,Audi
4286,Nissan
4287,Toyota
4288,Mercedes
4289,Skoda
4290,Audi
4291,Mazda
4292,Hyundai
4293,Seat
4294,Fiat
4295,Suzuki
4296,Saab
4297,Land-Rover
4298,Jaguar
4299,Mercedes
4300,Ford
4301,Toyota
4302,Saab
4303,Mazda
4304,Fiat
4305,Fiat
4306,Renault
4307,Toyota
4308,Volvo
4309,Toyota
4310,Ford
4311,Renault
4312,Rover
4313,Land-Rover
4314,Volvo
4315,Fiat
4316,Suzuki
4317,Fiat
4318,Volvo
4319,Skoda
4320,Daewoo
4321,Toyota
4322,Mercedes
4323,Volvo
4324,Toyota
4325,Volvo
4326,Hyundai
4327,Audi
4328,Daewoo
4329,Fiat
4330,Audi
4331,Mercedes
4332,Volkswagen
4333,Skoda
4334,Rover
4335,Mitsubishi
4336,BMW
4337,Subaru
4338,Ford
4339,Mitsubishi
4340,Honda
4341,Volvo
4342,Rover
4343,Audi
4344,Saab
4345,Fiat
4346,Toyota
4347,Volkswagen
4348,Skoda
4349,Honda
4350,Land-Rover
4351,Mitsubishi
4352,Kia
4353,Subaru
4354,Nissan
4355,Mitsubishi
4356,Volkswagen
4357,BMW
4358,Seat
4359,Toyota
4360,Mercedes
4361,Volkswagen
4362,Volkswagen
4363,Suzuki
4364,Daewoo
4365,Nissan
4366,Volkswagen
4367,Jaguar
4368,Alfa-Romeo
4369,Mercedes
4370,Ford
4371,Porsche
4372,Ford
4373,Saab
4374,Fiat
4375,Chrysler
4376,Suzuki
4377,Renault
4378,Peugeot
4379,Renault
4380,Mercedes
4381,Ford
4382,Seat
4383,Citroen
4384,Audi
4385,Lada
4386,Nissan
4387,Mercedes
4388,Subaru
4389,Hyundai
4390,Ford
4391,Audi
4392,Porsche
4393,Volkswagen
4394,Jaguar
4395,Mazda
4396,Seat
4397,Seat
4398,Honda
4399,Suzuki
4400,Mazda
4401,Daewoo
4402,Renault
4403,Seat
4404,Suzuki
4405,Mitsubishi
4406,Chrysler
4407,Toyota
4408,Suzuki
4409,Volvo
4410,Mazda
4411,Kia
4412,Porsche
4413,Citroen
4414,Volkswagen
4415,Peugeot
4416,BMW
4417,Audi
4418,Hyundai
4419,Toyota
4420,Mazda
4421,Honda
4422,Subaru
4423,Kia
4424,Renault
4425,Peugeot
4426,Mini
4427,Kia
4428,Seat
4429,Lotus
4430,Mercedes
4431,Fiat
4432,Triumph
4433,Alfa-Romeo
4434,Volvo
4435,Peugeot
4436,Nissan
4437,Jaguar
4438,Fiat
4439,Volvo
4440,Nissan
4441,Peugeot
4442,Ford
4443,Chrysler
4444,Audi
4445,Daihatsu
4446,Honda
4447,Alfa-Romeo
4448,Audi
4449,Renault
4450,BMW
4451,Mazda
4452,Alfa-Romeo
4453,Citroen
4454,Suzuki
4455,Honda
4456,Alfa-Romeo
4457,Daihatsu
4458,Alfa-Romeo
4459,Alfa-Romeo
4460,Mazda
4461,MG
4462,Mini
4463,Volvo
4464,Mitsubishi
4465,Suzuki
4466,Alfa-Romeo
4467,Ssangyong
4468,Audi
4469,Volvo
4470,Mercedes
4471,Opel
4472,Mitsubishi
4473,Toyota
4474,BMW
4475,Datsun
4476,BMW
4477,Honda
4478,Audi
4479,Porsche
4480,Fiat
4481,Nissan
4482,Hyundai
4483,Land-Rover
4484,Daihatsu
4485,Toyota
4486,Kia
4487,Hyundai
4488,BMW
4489,Honda
4490,Daihatsu
4491,Triumph
4492,Kia
4493,Lancia
4494,MG
4495,Porsche
4496,Rover
4497,Honda
4498,Aston-Martin
4499,Fiat
4500,Skoda
4501,Hyundai
4502,Lada
4503,Hyundai
4504,Daimler
4505,Lotus
4506,Audi
4507,Saab
4508,Opel
4509,Fiat
4510,Renault
4511,Mercedes
4512,Daimler
4513,Lancia
4514,Datsun
4515,Morris
4516,Suzuki
4517,Nissan
4518,Alfa-Romeo
4519,TVR
4520,Ford
4521,Ford
4522,Rover
4523,Volkswagen
4524,Ford
4525,Nissan
4526,Ford
4527,Volkswagen
4528,Renault
4529,BMW
4530,Peugeot
4531,Peugeot
4532,Peugeot
4533,Honda
4534,Renault
4535,Peugeot
4536,Ford
4537,Toyota
4538,Nissan
4539,Citroen
4540,Renault
4541,Ford
4542,Toyota
4543,Citroen
4544,Ford
4545,Ford
4546,BMW
4547,Citroen
4548,Peugeot
4549,Peugeot
4550,Honda
4551,Volkswagen
4552,Mazda
4553,Fiat
4554,Renault
4555,Land-Rover
4556,Citroen
4557,Peugeot
4558,Volvo
4559,Nissan
4560,Nissan
4561,Mercedes
4562,Audi
4563,Mazda
4564,Skoda
4565,Seat
4566,Audi
4567,Saab
4568,Mercedes
4569,Hyundai
4570,Renault
4571,Mercedes
4572,Jaguar
4573,Suzuki
4574,Fiat
4575,Fiat
4576,Fiat
4577,Saab
4578,Citroen
4579,Fiat
4580,Volvo
4581,Mazda
4582,Rover
4583,Toyota
4584,Skoda
4585,Ford
4586,Renault
4587,Volvo
4588,Land-Rover
4589,Toyota
4590,Land-Rover
4591,Suzuki
4592,Toyota
4593,Toyota
4594,Toyota
4595,Toyota
4596,Daewoo
4597,Hyundai
4598,Daewoo
4599,Mercedes
4600,Fiat
4601,Ford
4602,Volvo
4603,Mitsubishi
4604,Audi
4605,Honda
4606,Volkswagen
4607,Volvo
4608,Volvo
4609,BMW
4610,Ford
4611,Land-Rover
4612,Volkswagen
4613,Mercedes
4614,Volvo
4615,Honda
4616,Audi
4617,Audi
4618,Mitsubishi
4619,Kia
4620,Subaru
4621,Mitsubishi
4622,Fiat
4623,Toyota
4624,Renault
4625,Volkswagen
4626,Toyota
4627,Renault
4628,Subaru
4629,Mitsubishi
4630,Lada
4631,Fiat
4632,Seat
4633,Nissan
4634,Ford
4635,Fiat
4636,Daewoo
4637,Saab
4638,BMW
4639,Volkswagen
4640,Nissan
4641,Citroen
4642,Ford
4643,Hyundai
4644,Ford
4645,Rover
4646,Nissan
4647,Rover
4648,Suzuki
4649,Porsche
4650,Seat
4651,Skoda
4652,Mercedes
4653,Chrysler
4654,Audi
4655,Subaru
4656,Mercedes
4657,Suzuki
4658,Volkswagen
4659,Alfa-Romeo
4660,Mazda
4661,Jaguar
4662,Mazda
4663,Peugeot
4664,Skoda
4665,Volkswagen
4666,Suzuki
4667,Mitsubishi
4668,Saab
4669,Renault
4670,Toyota
4671,Triumph
4672,Volkswagen
4673,Peugeot
4674,Honda
4675,Porsche
4676,Audi
4677,Ford
4678,Suzuki
4679,Jaguar
4680,Seat
4681,Mercedes
4682,Mercedes
4683,Volvo
4684,Volkswagen
4685,Mazda
4686,Seat
4687,Seat
4688,Daewoo
4689,Renault
4690,Porsche
4691,Honda
4692,Hyundai
4693,Kia
4694,Kia
4695,Toyota
4696,Peugeot
4697,BMW
4698,Suzuki
4699,Audi
4700,Nissan
4701,Mercedes
4702,Mazda
4703,Peugeot
4704,Chrysler
4705,Alfa-Romeo
4706,Alfa-Romeo
4707,Nissan
4708,Lotus
4709,Honda
4710,Fiat
4711,Subaru
4712,Audi
4713,Volvo
4714,Ford
4715,Alfa-Romeo
4716,Mazda
4717,Alfa-Romeo
4718,Opel
4719,Alfa-Romeo
4720,Daihatsu
4721,Honda
4722,Datsun
4723,Alfa-Romeo
4724,Renault
4725,Volvo
4726,Kia
4727,Suzuki
4728,Citroen
4729,Ssangyong
4730,Hyundai
4731,Daihatsu
4732,Fiat
4733,Nissan
4734,Skoda
4735,Toyota
4736,Fiat
4737,BMW
4738,Seat
4739,Renault
4740,Mitsubishi
4741,Toyota
4742,Mercedes
4743,Fiat
4744,Datsun
4745,Opel
4746,Lancia
4747,Lada
4748,Mazda
4749,Volvo
4750,Saab
4751,Porsche
4752,BMW
4753,Audi
4754,Triumph
4755,Daihatsu
4756,Rover
4757,Honda
4758,Chrysler
4759,Daihatsu
4760,Land-Rover
4761,Daimler
4762,Honda
4763,BMW
4764,Morris
4765,Fiat
4766,Porsche
4767,Lancia
4768,Lotus
4769,Audi
4770,Nissan
4771,Audi
4772,Daimler
4773,Skoda
4774,Fiat
4775,Lancia
4776,Aston-Martin
4777,Suzuki
4778,Datsun
4779,Morris
4780,Honda
4781,Audi
4782,Ford
4783,Ford
4784,Rover
4785,Ford
4786,Volkswagen
4787,Nissan
4788,Ford
4789,Volkswagen
4790,Renault
4791,BMW
4792,Peugeot
4793,Peugeot
4794,Peugeot
4795,Ford
4796,Peugeot
4797,Honda
4798,Toyota
4799,Ford
4800,Renault
4801,Citroen
4802,Nissan
4803,Toyota
4804,Peugeot
4805,Fiat
4806,Citroen
4807,Renault
4808,BMW
4809,Renault
4810,Nissan
4811,Mazda
4812,Honda
4813,Volkswagen
4814,Citroen
4815,Volvo
4816,Land-Rover
4817,Citroen
4818,Ford
4819,Audi
4820,Peugeot
4821,Mazda
4822,Mercedes
4823,Renault
4824,Saab
4825,Nissan
4826,Fiat
4827,Seat
4828,Skoda
4829,Ford
4830,Fiat
4831,Mercedes
4832,Jaguar
4833,Peugeot
4834,Mercedes
4835,Saab
4836,Hyundai
4837,Suzuki
4838,Audi
4839,Fiat
4840,Skoda
4841,Fiat
4842,Volvo
4843,Rover
4844,Renault
4845,Volvo
4846,Toyota
4847,Mazda
4848,Toyota
4849,Land-Rover
4850,Volkswagen
4851,Audi
4852,Ford
4853,Mercedes
4854,Daewoo
4855,Suzuki
4856,Toyota
4857,Toyota
4858,Hyundai
4859,Honda
4860,Mitsubishi
4861,Renault
4862,Citroen
4863,Volvo
4864,Land-Rover
4865,BMW
4866,Renault
4867,Fiat
4868,Daewoo
4869,Land-Rover
4870,Volkswagen
4871,Honda
4872,Toyota
4873,Ford
4874,Ford
4875,Lada
4876,Mitsubishi
4877,Volvo
4878,Toyota
4879,Volvo
4880,Kia
4881,Ford
4882,Mitsubishi
4883,Mitsubishi
4884,Toyota
4885,Hyundai
4886,Subaru
4887,Volkswagen
4888,Subaru
4889,Fiat
4890,Toyota
4891,Audi
4892,Citroen
4893,Audi
4894,Daewoo
4895,Nissan
4896,Seat
4897,Volvo
4898,Nissan
4899,Ford
4900,Nissan
4901,Ford
4902,Triumph
4903,Fiat
4904,Fiat
4905,Audi
4906,Peugeot
4907,Mercedes
4908,BMW
4909,Peugeot
4910,Subaru
4911,Porsche
4912,Volkswagen
4913,Suzuki
4914,Suzuki
4915,Seat
4916,Renault
4917,Mazda
4918,Volkswagen
4919,Mitsubishi
4920,Mazda
4921,Toyota
4922,Honda
4923,Audi
4924,Saab
4925,Renault
4926,Porsche
4927,Chrysler
4928,Volkswagen
4929,Seat
4930,Volvo
4931,Mercedes
4932,Mercedes
4933,Mazda
4934,Suzuki
4935,Peugeot
4936,Jaguar
4937,Datsun
4938,Skoda
4939,Hyundai
4940,Seat
4941,Opel
4942,Suzuki
4943,Mercedes
4944,Kia
4945,BMW
4946,Alfa-Romeo
4947,Daewoo
4948,Saab
4949,Alfa-Romeo
4950,Seat
4951,Nissan
4952,Toyota
4953,Honda
4954,Jaguar
4955,Mercedes
4956,Alfa-Romeo
4957,Skoda
4958,Nissan
4959,Kia
4960,Hyundai
4961,Alfa-Romeo
4962,Ford
4963,Audi
4964,Peugeot
4965,Renault
4966,Fiat
4967,Lotus
4968,Porsche
4969,Mazda
4970,Fiat
4971,Volkswagen
4972,Nissan
4973,Alfa-Romeo
4974,Fiat
4975,Toyota
4976,Ford
4977,Datsun
4978,Volvo
4979,Alfa-Romeo
4980,Alfa-Romeo
4981,Subaru
4982,Honda
4983,Chrysler
4984,Suzuki
4985,Mercedes
4986,Opel
4987,Ssangyong
4988,Daihatsu
4989,Honda
4990,Fiat
4991,BMW
4992,Saab
4993,Lancia
4994,Lada
4995,Rover
4996,Suzuki
4997,Mitsubishi
4998,Rover
4999,Morris
5000,Skoda
5001,Mazda
5002,Toyota
5003,Triumph
5004,Porsche
5005,Volkswagen
5006,Daihatsu
5007,Audi
5008,Daihatsu
5009,Datsun
5010,Daimler
5011,Nissan
5012,Daihatsu
5013,Mercedes
5014,BMW
5015,Lancia
5016,Land-Rover
5017,Morris
5018,Audi
5019,Porsche
5020,BMW
5021,Lotus
5022,Fiat
5023,Lancia
5024,Honda
5025,Volvo
5026,Audi
5027,Audi
5028,Daimler
5029,Volkswagen
5030,Suzuki
5031,Citroen
5032,Daimler
5033,Skoda
5034,Seat
5035,Fiat
5036,Kia
5037,Renault
5038,Opel
5039,Ford
5040,Ford
5041,Ford
5042,Rover
5043,Volkswagen
5044,Nissan
5045,Volkswagen
5046,Ford
5047,Peugeot
5048,Ford
5049,Renault
5050,BMW
5051,Peugeot
5052,Peugeot
5053,Peugeot
5054,Honda
5055,Ford
5056,Toyota
5057,Citroen
5058,Peugeot
5059,Fiat
5060,Toyota
5061,Nissan
5062,Nissan
5063,Citroen
5064,Renault
5065,Renault
5066,BMW
5067,Mazda
5068,Volvo
5069,Honda
5070,Volkswagen
5071,Renault
5072,Land-Rover
5073,Audi
5074,Citroen
5075,Renault
5076,Mazda
5077,Fiat
5078,Citroen
5079,Saab
5080,Fiat
5081,Mercedes
5082,Seat
5083,Jaguar
5084,Mercedes
5085,Ford
5086,Saab
5087,Peugeot
5088,Skoda
5089,Nissan
5090,Skoda
5091,Fiat
5092,Suzuki
5093,Volvo
5094,Mercedes
5095,Rover
5096,Hyundai
5097,Volkswagen
5098,Renault
5099,Audi
5100,Toyota
5101,Renault
5102,Fiat
5103,Volvo
5104,Toyota
5105,Audi
5106,Mercedes
5107,Renault
5108,Ford
5109,Land-Rover
5110,Daewoo
5111,Honda
5112,Land-Rover
5113,Toyota
5114,Volkswagen
5115,Hyundai
5116,Volvo
5117,Mazda
5118,Suzuki
5119,Lada
5120,Mitsubishi
5121,Toyota
5122,BMW
5123,Honda
5124,Toyota
5125,Mitsubishi
5126,Ford
5127,Hyundai
5128,Triumph
5129,Ford
5130,Volkswagen
5131,Kia
5132,Mitsubishi
5133,Fiat
5134,Fiat
5135,Citroen
5136,Nissan
5137,Toyota
5138,Peugeot
5139,Subaru
5140,Peugeot
5141,Daewoo
5142,Renault
5143,Volvo
5144,Audi
5145,Seat
5146,Ford
5147,Ford
5148,Mitsubishi
5149,Subaru
5150,Nissan
5151,Volvo
5152,Subaru
5153,Land-Rover
5154,Citroen
5155,Daewoo
5156,Suzuki
5157,Nissan
5158,Datsun
5159,Toyota
5160,Audi
5161,Mitsubishi
5162,Porsche
5163,Audi
5164,Volkswagen
5165,Audi
5166,Honda
5167,Mazda
5168,Toyota
5169,Ford
5170,Mazda
5171,Opel
5172,Suzuki
5173,Porsche
5174,Volkswagen
5175,Seat
5176,Seat
5177,Peugeot
5178,Skoda
5179,Volkswagen
5180,BMW
5181,Renault
5182,Volvo
5183,Volvo
5184,Renault
5185,Alfa-Romeo
5186,Peugeot
5187,Chrysler
5188,Datsun
5189,Hyundai
5190,Alfa-Romeo
5191,Fiat
5192,Mazda
5193,Hyundai
5194,Kia
5195,Suzuki
5196,Nissan
5197,Toyota
5198,Fiat
5199,Nissan
5200,Fiat
5201,Fiat
5202,Jaguar
5203,BMW
5204,Honda
5205,Opel
5206,Mercedes
5207,Seat
5208,Mercedes
5209,Nissan
5210,Mercedes
5211,Mazda
5212,Fiat
5213,Seat
5214,Skoda
5215,Toyota
5216,Saab
5217,Saab
5218,Audi
5219,Alfa-Romeo
5220,Datsun
5221,Suzuki
5222,Peugeot
5223,Lancia
5224,Daewoo
5225,Suzuki
5226,Morris
5227,Lada
5228,BMW
5229,Alfa-Romeo
5230,Kia
5231,Fiat
5232,Mercedes
5233,Rover
5234,Alfa-Romeo
5235,Alfa-Romeo
5236,Ssangyong
5237,Morris
5238,Honda
5239,Audi
5240,Fiat
5241,Ford
5242,Lotus
5243,Saab
5244,Triumph
5245,Porsche
5246,Nissan
5247,Mitsubishi
5248,Porsche
5249,Toyota
5250,Alfa-Romeo
5251,Mercedes
5252,Volvo
5253,Daihatsu
5254,Daimler
5255,Ford
5256,Lancia
5257,Skoda
5258,Lancia
5259,Subaru
5260,Volkswagen
5261,Skoda
5262,Audi
5263,BMW
5264,Daihatsu
5265,Opel
5266,Land-Rover
5267,Porsche
5268,Lotus
5269,Seat
5270,Daihatsu
5271,Renault
5272,BMW
5273,Daimler
5274,Chrysler
5275,Daimler
5276,Honda
5277,Suzuki
5278,Opel
5279,Mercedes
5280,Renault
5281,Ford
5282,Ford
5283,Ford
5284,Rover
5285,Volkswagen
5286,Nissan
5287,Volkswagen
5288,Ford
5289,Peugeot
5290,Ford
5291,BMW
5292,Renault
5293,Peugeot
5294,Ford
5295,Peugeot
5296,Honda
5297,Citroen
5298,Fiat
5299,Peugeot
5300,Peugeot
5301,Toyota
5302,Toyota
5303,Nissan
5304,Renault
5305,Citroen
5306,BMW
5307,Nissan
5308,Mazda
5309,Volvo
5310,Honda
5311,Volkswagen
5312,Audi
5313,Renault
5314,Fiat
5315,Land-Rover
5316,Mazda
5317,Citroen
5318,Renault
5319,Fiat
5320,Saab
5321,Renault
5322,Mercedes
5323,Seat
5324,Jaguar
5325,Skoda
5326,Renault
5327,Saab
5328,Volkswagen
5329,Fiat
5330,Mercedes
5331,Suzuki
5332,Ford
5333,Rover
5334,Audi
5335,Volvo
5336,Citroen
5337,Renault
5338,Skoda
5339,Lada
5340,Land-Rover
5341,Volkswagen
5342,Toyota
5343,Mercedes
5344,Nissan
5345,Renault
5346,Triumph
5347,Honda
5348,Mercedes
5349,Volvo
5350,Hyundai
5351,Volvo
5352,Toyota
5353,Land-Rover
5354,Daewoo
5355,Peugeot
5356,Toyota
5357,Hyundai
5358,Mitsubishi
5359,Honda
5360,Suzuki
5361,Ford
5362,Toyota
5363,BMW
5364,Fiat
5365,Hyundai
5366,Mitsubishi
5367,Peugeot
5368,Audi
5369,Volkswagen
5370,Renault
5371,Toyota
5372,Nissan
5373,Mazda
5374,Datsun
5375,Fiat
5376,Peugeot
5377,Kia
5378,Citroen
5379,Mitsubishi
5380,Ford
5381,Toyota
5382,Audi
5383,Ford
5384,Opel
5385,Subaru
5386,Suzuki
5387,Skoda
5388,Subaru
5389,Seat
5390,Ford
5391,Ford
5392,Renault
5393,Audi
5394,Mitsubishi
5395,Datsun
5396,Fiat
5397,Nissan
5398,Honda
5399,Volkswagen
5400,Toyota
5401,Daewoo
5402,Porsche
5403,Mazda
5404,Seat
5405,Subaru
5406,Porsche
5407,Nissan
5408,Fiat
5409,Alfa-Romeo
5410,Mazda
5411,Volkswagen
5412,Hyundai
5413,Mitsubishi
5414,Toyota
5415,Fiat
5416,Opel
5417,Peugeot
5418,Volvo
5419,Volvo
5420,Fiat
5421,Seat
5422,Renault
5423,Volvo
5424,Nissan
5425,Datsun
5426,Skoda
5427,Suzuki
5428,Alfa-Romeo
5429,Audi
5430,Volkswagen
5431,Nissan
5432,Honda
5433,Saab
5434,Morris
5435,Hyundai
5436,Suzuki
5437,Morris
5438,Mazda
5439,Audi
5440,Kia
5441,Chrysler
5442,Fiat
5443,Lancia
5444,Lada
5445,BMW
5446,BMW
5447,Rover
5448,Mazda
5449,Audi
5450,BMW
5451,Suzuki
5452,Nissan
5453,Mercedes
5454,Jaguar
5455,Mercedes
5456,Skoda
5457,Triumph
5458,Audi
5459,Nissan
5460,Ford
5461,Volkswagen
5462,Alfa-Romeo
5463,Volvo
5464,Kia
5465,Opel
5466,Porsche
5467,Peugeot
5468,Alfa-Romeo
5469,Toyota
5470,Lancia
5471,Daimler
5472,Daihatsu
5473,Mitsubishi
5474,Alfa-Romeo
5475,Ssangyong
5476,Alfa-Romeo
5477,Seat
5478,Lancia
5479,Seat
5480,Toyota
5481,Fiat
5482,Honda
5483,Mercedes
5484,Audi
5485,Renault
5486,BMW
5487,Renault
5488,Fiat
5489,Porsche
5490,Land-Rover
5491,Volkswagen
5492,Lotus
5493,Opel
5494,Peugeot
5495,Ford
5496,Lancia
5497,Daimler
5498,Opel
5499,Ford
5500,Fiat
5501,Audi
5502,Daimler
5503,Opel
5504,Mazda
5505,Daewoo
5506,Ford
5507,Ford
5508,Ford
5509,Rover
5510,Volkswagen
5511,Nissan
5512,Ford
5513,Volkswagen
5514,Peugeot
5515,BMW
5516,Ford
5517,Peugeot
5518,Ford
5519,Renault
5520,Fiat
5521,Peugeot
5522,Citroen
5523,Toyota
5524,Peugeot
5525,Honda
5526,Nissan
5527,Toyota
5528,Peugeot
5529,Renault
5530,Citroen
5531,Volvo
5532,BMW
5533,Mazda
5534,Honda
5535,Volkswagen
5536,Audi
5537,Nissan
5538,Renault
5539,Fiat
5540,Mazda
5541,Land-Rover
5542,Fiat
5543,Saab
5544,Mercedes
5545,Seat
5546,Renault
5547,Jaguar
5548,Ford
5549,Skoda
5550,Volkswagen
5551,Citroen
5552,Saab
5553,Renault
5554,Audi
5555,Renault
5556,Triumph
5557,Rover
5558,Lada
5559,Volkswagen
5560,Suzuki
5561,Land-Rover
5562,Volvo
5563,Fiat
5564,Mercedes
5565,Toyota
5566,Honda
5567,Mercedes
5568,Hyundai
5569,Renault
5570,Volvo
5571,Datsun
5572,Toyota
5573,Renault
5574,Peugeot
5575,Honda
5576,Toyota
5577,Mitsubishi
5578,Volvo
5579,BMW
5580,Land-Rover
5581,Volkswagen
5582,Suzuki
5583,Mercedes
5584,Mitsubishi
5585,Peugeot
5586,Toyota
5587,Nissan
5588,Skoda
5589,Renault
5590,Opel
5591,Fiat
5592,Hyundai
5593,Skoda
5594,Daewoo
5595,Datsun
5596,Kia
5597,Renault
5598,Citroen
5599,Mitsubishi
5600,Hyundai
5601,Audi
5602,Suzuki
5603,Nissan
5604,Toyota
5605,Mazda
5606,Audi
5607,Fiat
5608,Ford
5609,Subaru
5610,Subaru
5611,Toyota
5612,Audi
5613,Mitsubishi
5614,Seat
5615,Honda
5616,Ford
5617,Citroen
5618,Ford
5619,Toyota
5620,Porsche
5621,Opel
5622,Seat
5623,Datsun
5624,Hyundai
5625,Alfa-Romeo
5626,Toyota
5627,Volkswagen
5628,Peugeot
5629,Fiat
5630,Skoda
5631,Mazda
5632,Nissan
5633,Ford
5634,Volkswagen
5635,Morris
5636,Porsche
5637,Fiat
5638,Nissan
5639,Morris
5640,Fiat
5641,Peugeot
5642,Fiat
5643,Nissan
5644,Mazda
5645,Saab
5646,Volvo
5647,Daewoo
5648,Alfa-Romeo
5649,Subaru
5650,Nissan
5651,Renault
5652,Seat
5653,Rover
5654,Lancia
5655,Honda
5656,Fiat
5657,Suzuki
5658,Audi
5659,Lada
5660,Skoda
5661,Hyundai
5662,BMW
5663,Suzuki
5664,Mazda
5665,Audi
5666,Opel
5667,Suzuki
5668,Volkswagen
5669,Triumph
5670,Mazda
5671,Nissan
5672,BMW
5673,Kia
5674,Mitsubishi
5675,Nissan
5676,Renault
5677,Seat
5678,Mercedes
5679,Lancia
5680,Porsche
5681,Volkswagen
5682,Volkswagen
5683,Renault
5684,Daimler
5685,Mercedes
5686,Peugeot
5687,Daihatsu
5688,Audi
5689,Lancia
5690,Fiat
5691,Ford
5692,Audi
5693,Mitsubishi
5694,BMW
5695,Opel
5696,Opel
5697,Lancia
5698,Opel
5699,Chrysler
5700,Alfa-Romeo
5701,Alfa-Romeo
5702,Honda
5703,Ssangyong
5704,Porsche
5705,Toyota
5706,Kia
5707,Volvo
5708,Lotus
5709,Land-Rover
5710,Audi
5711,Toyota
5712,Mazda
5713,Jaguar
5714,Daimler
5715,Alfa-Romeo
5716,Peugeot
5717,Volvo
5718,Honda
5719,Daimler
5720,Alfa-Romeo
5721,Ford
5722,Ford
5723,Ford
5724,Rover
5725,Volkswagen
5726,Ford
5727,Nissan
5728,Peugeot
5729,Volkswagen
5730,Ford
5731,BMW
5732,Peugeot
5733,Fiat
5734,Peugeot
5735,Renault
5736,Citroen
5737,Toyota
5738,Nissan
5739,Ford
5740,Honda
5741,Peugeot
5742,Renault
5743,Toyota
5744,Mazda
5745,Volvo
5746,Honda
5747,Fiat
5748,BMW
5749,Citroen
5750,Volkswagen
5751,Renault
5752,Audi
5753,Peugeot
5754,Nissan
5755,Mazda
5756,Fiat
5757,Renault
5758,Ford
5759,Mercedes
5760,Saab
5761,Land-Rover
5762,Seat
5763,Skoda
5764,Volkswagen
5765,Triumph
5766,Jaguar
5767,Lada
5768,Renault
5769,Audi
5770,Saab
5771,Volkswagen
5772,Rover
5773,Datsun
5774,Land-Rover
5775,Citroen
5776,Mercedes
5777,Toyota
5778,Suzuki
5779,Renault
5780,Peugeot
5781,Honda
5782,Volvo
5783,Hyundai
5784,Toyota
5785,Honda
5786,Volvo
5787,Renault
5788,Toyota
5789,Volkswagen
5790,Fiat
5791,Datsun
5792,Renault
5793,Opel
5794,Mitsubishi
5795,Peugeot
5796,Skoda
5797,Renault
5798,BMW
5799,Mitsubishi
5800,Nissan
5801,Mercedes
5802,Suzuki
5803,Land-Rover
5804,Toyota
5805,Fiat
5806,Volvo
5807,Fiat
5808,Suzuki
5809,Kia
5810,Citroen
5811,Audi
5812,Mitsubishi
5813,Datsun
5814,Hyundai
5815,Mercedes
5816,Opel
5817,Audi
5818,Morris
5819,Subaru
5820,Mitsubishi
5821,Fiat
5822,Honda
5823,Toyota
5824,Skoda
5825,Subaru
5826,Hyundai
5827,Morris
5828,Alfa-Romeo
5829,Seat
5830,Porsche
5831,Toyota
5832,Toyota
5833,Mazda
5834,Seat
5835,Fiat
5836,Fiat
5837,Ford
5838,Nissan
5839,Volkswagen
5840,Saab
5841,Toyota
5842,Ford
5843,Volkswagen
5844,Ford
5845,Mazda
5846,Porsche
5847,Skoda
5848,Rover
5849,Hyundai
5850,Nissan
5851,Skoda
5852,Peugeot
5853,Lancia
5854,Audi
5855,Suzuki
5856,Mazda
5857,Alfa-Romeo
5858,Nissan
5859,Lada
5860,Volvo
5861,Opel
5862,Audi
5863,Daewoo
5864,Honda
5865,Nissan
5866,BMW
5867,Renault
5868,Volkswagen
5869,Renault
5870,Suzuki
5871,Hyundai
5872,Triumph
5873,Volkswagen
5874,Peugeot
5875,Subaru
5876,Nissan
5877,Fiat
5878,Seat
5879,Renault
5880,Seat
5881,Mazda
5882,Opel
5883,Lancia
5884,Porsche
5885,Opel
5886,Daimler
5887,Mazda
5888,Daihatsu
5889,Lancia
5890,Nissan
5891,Lancia
5892,Audi
5893,Toyota
5894,Opel
5895,Daewoo
5896,Audi
5897,BMW
5898,BMW
5899,Audi
5900,Honda
5901,Mazda
5902,Nissan
5903,Mercedes
5904,Audi
5905,Mitsubishi
5906,Porsche
5907,Kia
5908,Lotus
5909,Land-Rover
5910,Mercedes
5911,Ford
5912,Daimler
5913,Renault
5914,Honda
5915,Renault
5916,Alfa-Romeo
5917,Alfa-Romeo
5918,Ford
5919,Ford
5920,Ford
5921,Rover
5922,Ford
5923,Volkswagen
5924,Nissan
5925,Peugeot
5926,Volkswagen
5927,Ford
5928,BMW
5929,Fiat
5930,Peugeot
5931,Peugeot
5932,Toyota
5933,Nissan
5934,Citroen
5935,Renault
5936,Honda
5937,Fiat
5938,Renault
5939,Toyota
5940,Mazda
5941,Honda
5942,Peugeot
5943,Renault
5944,Volkswagen
5945,BMW
5946,Audi
5947,Volvo
5948,Ford
5949,Ford
5950,Citroen
5951,Mazda
5952,Renault
5953,Triumph
5954,Fiat
5955,Mercedes
5956,Saab
5957,Volkswagen
5958,Nissan
5959,Lada
5960,Datsun
5961,Peugeot
5962,Jaguar
5963,Seat
5964,Skoda
5965,Renault
5966,Audi
5967,Volkswagen
5968,Land-Rover
5969,Land-Rover
5970,Renault
5971,Peugeot
5972,Rover
5973,Saab
5974,Datsun
5975,Toyota
5976,Mercedes
5977,Hyundai
5978,Honda
5979,Renault
5980,Volkswagen
5981,Opel
5982,Skoda
5983,Toyota
5984,Suzuki
5985,Peugeot
5986,Toyota
5987,Honda
5988,Volvo
5989,Mitsubishi
5990,Volvo
5991,BMW
5992,Nissan
5993,Citroen
5994,Toyota
5995,Fiat
5996,Renault
5997,Datsun
5998,Mitsubishi
5999,Morris
6000,Opel
6001,Morris
6002,Suzuki
6003,Suzuki
6004,Audi
6005,Fiat
6006,Fiat
6007,Land-Rover
6008,Fiat
6009,Skoda
6010,Toyota
6011,Fiat
6012,Citroen
6013,Kia
6014,Hyundai
6015,Audi
6016,Mitsubishi
6017,Mitsubishi
6018,Honda
6019,Subaru
6020,Alfa-Romeo
6021,Porsche
6022,Seat
6023,Volvo
6024,Toyota
6025,Mercedes
6026,Hyundai
6027,Saab
6028,Renault
6029,Subaru
6030,Fiat
6031,Nissan
6032,Rover
6033,Skoda
6034,Mercedes
6035,Toyota
6036,Mazda
6037,Mazda
6038,Opel
6039,Audi
6040,Seat
6041,Lancia
6042,Porsche
6043,Renault
6044,Suzuki
6045,Volkswagen
6046,Volkswagen
6047,Fiat
6048,Peugeot
6049,Lada
6050,Volkswagen
6051,Nissan
6052,Ford
6053,Peugeot
6054,Volkswagen
6055,BMW
6056,Ford
6057,Triumph
6058,Honda
6059,Alfa-Romeo
6060,Mazda
6061,Opel
6062,Renault
6063,Suzuki
6064,Nissan
6065,Seat
6066,Nissan
6067,Volvo
6068,Hyundai
6069,Opel
6070,Toyota
6071,Lancia
6072,Lancia
6073,Renault
6074,Porsche
6075,Honda
6076,Ford
6077,Renault
6078,Daimler
6079,Opel
6080,Daihatsu
6081,Nissan
6082,Audi
6083,Renault
6084,Audi
6085,Mazda
6086,BMW
6087,Lada
6088,Lancia
6089,Mazda
6090,Peugeot
6091,Subaru
6092,Mazda
6093,Daimler
6094,Lotus
6095,Porsche
6096,Nissan
6097,Land-Rover
6098,Toyota
6099,Alfa-Romeo
6100,Honda
6101,Mitsubishi
