,Model
0,Focus
1,Fiesta
2,Golf
3,Clio
4,320i
5,Polo
6,206
7,Mondeo
8,Micra
9,Civic
10,Ka+
11,Megane
12,Yaris
13,CLA
14,A4
15,Passat
16,Jazz
17,A3
18,307
19,207
20,Xsara
21,Fabia
22,118i
23,Focus
24,Freelander
25,C3
26,Corolla
27,535i
28,Avensis
29,E
30,Scenic
31,Ibiza
32,Ibiza
33,Discovery
34,Range
35,Qashqai+2
36,Octavia
37,500L
38,A
39,Almera
40,C4
41,C5
42,C6
43,Two
44,One
45,RAV4
46,RAV5
47,9-3X
48,107
49,Aygo
50,I10
51,I11
52,A6
53,Picanto
54,Aygo
55,Note
56,Leon
57,XE
58,Fusion
59,Accord
60,MX-5
61,6
62,C1
63,Swift
64,Galaxy
65,
66,308
67,3
68,TT
69,Laguna
70,2
71,Panda
72,Auris
73,306
74,106
75,106
76,V70
77,Saxo
78,Touran
79,Beetle
80,Rio
81,C-MAX
82,X5
83,Juke
84,Vitara
85,Ceed
86,406
87,Getz
88,X-Trail
89,CLK
90,S40
91,75
92,Berlingo
93,Alto
94,Primera
95,I20
96,SLK
97,S-MAX
98,ML
99,Sportage
100,407
101,C2
102,I30
103,XF
104,A1
105,Colt
106,A5
107,Kuga
108,Prius
109,S-Type
110,V50
111,Escort
112,XC90
113,C5
114,V40
115,X3
116,Tiguan
117,B
118,Fortwo
119,Bora
120,45
121,911
122,XJ
123,Impreza
124,09-May
125,Celica
126,Sharan
127,Santa
128,208
129,S60
130,DS3
131,Modus
132,ZR
133,Voyager
134,Sorento
135,Z4
136,2000
137,Up
138,Jimny
139,Matiz
140,Boxster
141,Wagon
142,3008
143,323
144,Puma
145,Stilo
146,Scirocco
147,XK
148,Altea
149,C30
150,Accent
151,Lupo
152,Sprinter
153,Ix35
154,Kangoo
155,5
156,Jetta
157,Alhambra
158,Espace
159,Ignis
160,SX4
161,Carens
162,Q5
163,CLA
164,Partner
165,Forester
166,Yeti
167,Touareg
168,Seicento
169,Superb
170,Bravo
171,X1
172,Q7
173,147
174,MR2
175,740i
176,TF
177,S80
178,Fox
179,Twingo
180,Lancer
181,Doblo
182,Eos
183,M3
184,PT
185,Matrix
186,IQ
187,SLS
188,A2
189,Z3
190,C70
191,Roomster
192,Splash
193,Previa
194,Starlet
195,Aveo
196,XC70
197,Tucson
198,Legacy
199,Cayenne
200,156
201,640i
202,Spark
203,Kalos
204,Outlander
205,Pixo
206,FR-V
207,Sirion
208,Mini
209,Venga
210,Streetka
211,Felicia
212,Terrano
213,Space
214,Carisma
215,Lacetti
216,ZT
217,CLC
218,Defender
219,Arosa
220,ZS
221,HR-V
222,City-coupe
223,Terios
224,Carina
225,Multipla
226,A8 
227,Soul
228, Citigo
229,Liana 
230,Continental
231,Captiva
232,Pathfinder
233,205
234,900
235,B-MAX
236,940
237,Toledo
238,Ix20
239,850
240,Verso-S
241,S3
242,159
243,Lanos
244,Forfour
245,C8
246,626
247,Sandero
248,807
249,5008
250,ASX
251,Cayman
252,300C
253,300
254,Insight
255,Duster
256,CT
257,1007
258,508
259,Xantia
260,RCZ
261,350Z
262,Demio
263,S2000
264,190
265,Trajet
266,Tacuma
267,GT
268,Premacy
269,ZX
270,V60
271,Brava
272,S4
273,X6
274,Outback
275,Caliber
276,Maverick
277,Streetwise
278,CityRover
279,Cerato
280,Elise
281,Cougar
282,Roadster-coupe
283,Vantage
284,I40
285,Cruze
286,Exeo
287,Urban
288,Mii
289,A7
290,405
291,500C
292,Transporter
293,Spider
294,DS4
295,Picnic
296,Viano
297,Ulysse
298,Sierra
299,DB9
300,80
301,Neon
302,Terracan
303,M550i
304,Magentis
305,AX
306,RS4
307,Captur
308,Grandis
309,Crossfire
310,CR-Z
311,R
312,Stream
313,Idea
314,Prelude
315,Elantra
316,607
317,Rexton
318,CC
319,Roadster
320,806
321,9000
322,S5
323,Nemo
324,Space
325,Sonata
326,Capri
327,Sedici
328,Brera
329,944
330,Cordoba
331,C-Crosser
332,Cabriolet
333,Cinquecento
334,Galant
335,Qubo
336,C30
337,Lantra
338,Baleno
339,440
340,GS
341,2008
342,S70
343,GT86
344,Murano
345,Caddy
346,4007
347,GLK
348,Camry
349,Nitro
350,Sebring
351,Shuma
352,Veloster
353,Patrol
354,Expert
355,R8
356,Wind
357,Rapid
358,DB7
359,Corrado
360,Supra
361,Marea
362,Serena
363,Vaneo
364,Panamera
365,Copen
366,Logo
367,Explorer
368,Paceman
369,Viano
370,960
371,RX
372,Tribute
373,M135i
374,Shuttle
375,Trafic
376,Journey
377,Range
378,Phaeton
379,Justy
380,Orlando
381,Vito
382,Granada
383,Bipper
384,370Z
385,RS6
386,John
387,Hilux
388,Legend
389,RX
390,MX-3
391,GranCabrio
392,Scorpio
393,Rodius
394,Mustang
395,121
396,Coupe
397,Leaf
398,Integra
399,Carrera
400,Croma
401,Zafira
402,GT-R
403,DS5
404,Korando
405,309
406,100
407,XV
408,Quattro
409,Probe
410,Focus
411,Fiesta
412,Golf
413,Clio
414,320i
415,Polo
416,206
417,Mondeo
418,Micra
419,Megane
420,Ka+
421,Civic
422,Yaris
423,CLA
424,Passat
425,A4
426,307
427,Xsara
428,207
429,Jazz
430,A3
431,Corolla
432,Fabia
433,Freelander
434,C3
435,118i
436,Avensis
437,535i
438,Discovery
439,Scenic
440,E
441,Almera
442,Ibiza
443,Octavia
444,A
445,Range
446,9-3X
447,RAV4
448,C4
449,306
450,500L
451,Laguna
452,Accord
453,106
454,Qashqai+2
455,A6
456,XE
457,107
458,Saxo
459,Fusion
460,Galaxy
461,MX-5
462,Picanto
463,Aygo
464,Leon
465,6
466,Note
467,I10
468,Swift
469,3
470,TT
471,V70
472,C1
473,308
474,2
475,406
476,Panda
477,Auris
478,Primera
479,Beetle
480,75
481,Escort
482,Touran
483,Vitara
484,S40
485,X5
486,CLK
487,Getz
488,Rio
489,X-Trail
490,Berlingo
491,407
492,C2
493,C-MAX
494,SLK
495,ML
496,Colt
497,Ceed
498,S-Type
499,Alto
500,C5
501,S-MAX
502,2000
503,I20
504,45
505,V40
506,I30
507,V50
508,Prius
509,Sportage
510,Bora
511,XF
512,XC90
513,Impreza
514,09-May
515,Juke
516,Celica
517,Kuga
518,XJ
519,ZR
520,A5
521,X3
522,Sharan
523,911
524,323
525,Puma
526,Voyager
527,S60
528,Fortwo
529,Santa
530,B
531,Stilo
532,A1
533,Modus
534,Accent
535,Tiguan
536,Wagon
537,Jimny
538,Matiz
539,Z4
540,Sorento
541,Boxster
542,Espace
543,Lupo
544,Seicento
545,Altea
546,C30
547,Sprinter
548,Alhambra
549,Kangoo
550,Ignis
551,Bravo
552,5
553,147
554,Carens
555,Jetta
556,MR2
557,Scirocco
558,Forester
559,DS3
560,TF
561,CLA
562,S80
563,Partner
564,SX4
565,Touareg
566,PT
567,740i
568,156
569,3008
570,Fox
571,Lancer
572,Felicia
573,Matrix
574,M3
575,Previa
576,A2
577,Doblo
578,Starlet
579,Z3
580,Eos
581,Superb
582,Twingo
583,Q7
584,C70
585,SLS
586,Carisma
587,Legacy
588,Q5
589,IQ
590,Carina
591,Terrano
592,Mini
593,Tucson
594,ZT
595,Kalos
596,X1
597,Space
598,Ix35
599,ZS
600,Sirion
601,Streetka
602,FR-V
603,Roomster
604,Arosa
605,Lacetti
606,XC70
607,Yeti
608,Aveo
609,Cayenne
610,Pixo
611,Defender
612,HR-V
613,Multipla
614,Outlander
615,Up
616,205
617,640i
618,Splash
619,Lanos
620,CLC
621,Terios
622,900
623,850
624,City-coupe
625,626
626,940
627,Spark
628,Xantia
629,Liana
630,A8
631,Brava
632,XKR
633,ZX
634,208
635,Toledo
636,Venga
637,Pathfinder
638,Continental
639,C8
640,807
641,300
642,S3
643,Forfour
644,Soul
645,159
646,190
647,Captiva
648,300C
649,Demio
650,Premacy
651,Trajet
652,1007
653,350Z
654,S2000
655,XK
656,Maverick
657,Tacuma
658,Cougar
659,CityRover
660,Cayman
661,405
662,GT
663,Insight
664,Ix20
665,Streetwise
666,Caliber
667,S4
668,Outback
669,5008
670,Verso-S
671,Elise
672,AX
673,Cerato
674,ASX
675,Picnic
676,RCZ
677,Sierra
678,Neon
679,Roadster-coupe
680,80
681,Ulysse
682,X6
683,Vantage
684,CT
685,Spider
686,Urban
687,Prelude
688,Cinquecento
689,Magentis
690,9000
691,Space
692,Terracan
693,806
694,DB9
695,607
696,Elantra
697,Lantra
698,440
699,500C
700,Stream
701,Crossfire
702,Galant
703,Grandis
704,Viano
705,M550i
706,Idea
707,Cordoba
708,Transporter
709,Exeo
710,Citigo
711,Baleno
712,V60
713,Sonata
714,R
715,Cruze
716,Rexton
717,Marea
718,Shuma
719,508
720,RS4
721,Cabriolet
722,CR-Z
723,944
724,Capri
725,S70
726,Serena
727,Sedici
728,Camry
729,Brera
730,S5
731,Nemo
732,C-Crosser
733,A7
734,Patrol
735,Murano
736,Explorer
737,Corrado
738,GLK
739,4007
740,Sebring
741,Supra
742,Nitro
743,GS
744,960
745,Viano
746,Shuttle
747,Granada
748,Qubo
749,DB7
750,Wind
751,Vaneo
752,Range
753,Logo
754,Tribute
755,Copen
756,Justy
757,I40
758,Expert
759,R8
760,Scorpio
761,MX-3
762,Caddy
763,Journey
764,C30
765,121
766,Hilux
767,Phaeton
768,DS4
769,Trafic
770,Legend
771,Coupe
772,309
773,RX
774,Vito
775,Panamera
776,Probe
777,RS6
778,370Z
779,Bipper
780,Pride
781,100
782,Integra
783,19
784,B-MAX
785,Mii
786,Concerto
787,Leganza
788,GranCabrio
789,Bluebird
790,Mustang
791,Carrera
792,Zafira
793,Rodius
794,Croma
795,MPV
796,Xedos
797,GT-R
798,Quattro
799,Pajero
800,Veloster
801,Orion
802,Vento
803,Roadster
804,Focus
805,Fiesta
806,Golf
807,Clio
808,320i
809,206
810,Polo
811,Mondeo
812,Micra
813,Megane
814,Ka+
815,Civic
816,Yaris
817,Xsara
818,307
819,Passat
820,CLA
821,A4
822,Jazz
823,207
824,A3
825,Corolla
826,Fabia
827,Freelander
828,Avensis
829,535i
830,Almera
831,C3
832,Discovery
833,Scenic
834,E
835,118i
836,306
837,Ibiza
838,Octavia
839,106
840,9-3X
841,A
842,Laguna
843,RAV4
844,Saxo
845,Accord
846,Range
847,C4
848,XE
849,Escort
850,406
851,Galaxy
852,MX-5
853,A6
854,Fusion
855,6
856,Leon
857,Primera
858,107
859,Picanto
860,V70
861,3
862,Swift
863,TT
864,Aygo
865,500L
866,Note
867,75
868,Qashqai+2
869,Panda
870,Vitara
871,C1
872,2
873,Beetle
874,S40
875,308
876,2000
877,I10
878,CLK
879,Getz
880,Auris
881,Touran
882,X5
883,X-Trail
884,407
885,C2
886,Berlingo
887,Rio
888,45
889,Colt
890,ML
891,S-Type
892,SLK
893,C5
894,V40
895,Alto
896,Bora
897,Impreza
898,C-MAX
899,323
900,Celica
901,09-May
902,ZR
903,XJ
904,Puma
905,S-MAX
906,Ceed
907,V50
908,Accent
909,Sharan
910,Prius
911,XC90
912,Stilo
913,Voyager
914,911
915,Sportage
916,I30
917,S60
918,I20
919,Wagon
920,XF
921,Modus
922,X3
923,Santa
924,Espace
925,Jimny
926,Matiz
927,Fortwo
928,Seicento
929,B
930,Kuga
931,Boxster
932,Z4
933,Sorento
934,A5
935,Lupo
936,Sprinter
937,Bravo
938,Felicia
939,Alhambra
940,147
941,Ignis
942,MR2
943,Altea
944,156
945,Kangoo
946,Tiguan
947,C30
948,Forester
949,Carens
950,TF
951,Carina
952,S80
953,Juke
954,740i
955,5
956,PT
957,Previa
958,Jetta
959,Carisma
960,CLA
961,Starlet
962,Lancer
963,Partner
964,Matrix
965,M3
966,Fox
967,Z3
968,Touareg
969,A2
970,Legacy
971,Terrano
972,SX4
973,Doblo
974,C70
975,SLS
976,Scirocco
977,Lanos
978,Eos
979,Mini
980,205
981,ZT
982,ZS
983,Twingo
984,Brava
985,A1
986,Space
987,Tucson
988,Xantia
989,900
990,850
991,Kalos
992,Sirion
993,Q7
994,Arosa
995,Streetka
996,626
997,Multipla
998,Superb
999,ZX
1000,HR-V
1001,FR-V
1002,940
1003,IQ
1004,Lacetti
1005,Defender
1006,Terios
1007,XC70
1008,City-coupe
1009,Q5
1010,DS3
1011,CLC
1012,Cayenne
1013,Roomster
1014,640i
1015,Outlander
1016,Aveo
1017,X1
1018,Pixo
1019,Liana
1020,3008
1021,Toledo
1022,A8
1023,405
1024,190
1025,300
1026,XKR
1027,C8
1028,807
1029,Forfour
1030,Maverick
1031,AX
1032,Pathfinder
1033,Splash
1034,Ix35
1035,Demio
1036,Cougar
1037,Trajet
1038,Continental
1039,Premacy
1040,S3
1041,Yeti
1042,300C
1043,1007
1044,S2000
1045,159
1046,CityRover
1047,350Z
1048,80
1049,Tacuma
1050,Neon
1051,Spark
1052,Sierra
1053,Captiva
1054,GT
1055,Picnic
1056,XK
1057,Ulysse
1058,Cayman
1059,Streetwise
1060,Soul
1061,Elise
1062,Caliber
1063,Cinquecento
1064,Cerato
1065,Outback
1066,Venga
1067,Roadster-coupe
1068,440
1069,S4
1070,9000
1071,Lantra
1072,Prelude
1073,Space
1074,Marea
1075,Insight
1076,806
1077,Spider
1078,Galant
1079,Baleno
1080,Cordoba
1081,607
1082,Vantage
1083,Elantra
1084,Magentis
1085,Shuma
1086,Serena
1087,Terracan
1088,Sonata
1089,X6
1090,Stream
1091,DB9
1092,Crossfire
1093,S70
1094,Urban
1095,5008
1096,Idea
1097,Grandis
1098,Cabriolet
1099,RCZ
1100,ASX
1101,Camry
1102,944
1103,M550i
1104,Rexton
1105,Viano
1106,Capri
1107,RS4
1108,Transporter
1109,Ix20
1110,R
1111,Patrol
1112,Explorer
1113,500C
1114,Sedici
1115,Verso-S
1116,Granada
1117,960
1118,Scorpio
1119,Corrado
1120,Brera
1121,Supra
1122,Shuttle
1123,Murano
1124,MX-3
1125,C-Crosser
1126,Range
1127,Viano
1128,S5
1129,CR-Z
1130,Justy
1131,Sebring
1132,Nitro
1133,GLK
1134,Nemo
1135,Cruze
1136,4007
1137,Vaneo
1138,DB7
1139,Tribute
1140,121
1141,Logo
1142,Exeo
1143,Copen
1144,CT
1145,309
1146,19
1147,Pride
1148,GS
1149,Hilux
1150,Probe
1151,Leganza
1152,Coupe
1153,R8
1154,Concerto
1155,Legend
1156,Expert
1157,Qubo
1158,Journey
1159,Wind
1160,Bluebird
1161,100
1162,Xedos
1163,Phaeton
1164,Integra
1165,V60
1166,RX
1167,Vento
1168,RS6
1169,Orion
1170,Nexia
1171,Mentor
1172,Trafic
1173,Pajero
1174,A7
1175,MPV
1176,Carrera
1177,Zafira
1178,460
1179,Caddy
1180,Mustang
1181,Vito
1182,166
1183,Maxima
1184,Croma
1185,GT-R
1186,GranCabrio
1187,Paseo
1188,370Z
1189,Quattro
1190,Rodius
1191,F430
1192,850i
1193,Bipper
1194,Uno
1195,Favorit
1196,Focus
1197,Fiesta
1198,Golf
1199,Clio
1200,Mondeo
1201,320i
1202,206
1203,Polo
1204,Micra
1205,Megane
1206,Ka+
1207,Civic
1208,Yaris
1209,Xsara
1210,307
1211,Passat
1212,CLA
1213,A4
1214,Corolla
1215,Jazz
1216,A3
1217,207
1218,Almera
1219,Freelander
1220,Avensis
1221,306
1222,Fabia
1223,535i
1224,Discovery
1225,106
1226,Escort
1227,Laguna
1228,C3
1229,E
1230,Saxo
1231,Scenic
1232,Ibiza
1233,9-3X
1234,A
1235,406
1236,RAV4
1237,Accord
1238,Octavia
1239,118i
1240,Primera
1241,Galaxy
1242,XE
1243,Range
1244,MX-5
1245,2000
1246,A6
1247,Fusion
1248,C4
1249,V70
1250,6
1251,Leon
1252,75
1253,Swift
1254,Vitara
1255,TT
1256,Picanto
1257,3
1258,107
1259,S40
1260,Beetle
1261,Aygo
1262,Panda
1263,CLK
1264,Getz
1265,Note
1266,C1
1267,2
1268,X-Trail
1269,Qashqai+2
1270,45
1271,X5
1272,407
1273,500L
1274,Touran
1275,C2
1276,V40
1277,S-Type
1278,Auris
1279,Berlingo
1280,308
1281,Colt
1282,323
1283,C5
1284,ML
1285,I10
1286,Impreza
1287,Rio
1288,SLK
1289,Bora
1290,Celica
1291,Accent
1292,09-May
1293,ZR
1294,Puma
1295,XJ
1296,Alto
1297,Sharan
1298,Stilo
1299,Voyager
1300,911
1301,Espace
1302,S60
1303,XC90
1304,Wagon
1305,Seicento
1306,Prius
1307,V50
1308,Ceed
1309,S-MAX
1310,Felicia
1311,Jimny
1312,Carina
1313,Sportage
1314,Modus
1315,Boxster
1316,Matiz
1317,Santa
1318,156
1319,X3
1320,Lupo
1321,Bravo
1322,MR2
1323,I30
1324,Fortwo
1325,Sorento
1326,Z4
1327,C-MAX
1328,147
1329,B
1330,Sprinter
1331,Alhambra
1332,Ignis
1333,Carisma
1334,XF
1335,I20
1336,TF
1337,Brava
1338,Previa
1339,Altea
1340,740i
1341,Kangoo
1342,Xantia
1343,S80
1344,Forester
1345,205
1346,Lanos
1347,Starlet
1348,PT
1349,Kuga
1350,Carens
1351,Terrano
1352,ZX
1353,900
1354,850
1355,Legacy
1356,Z3
1357,Matrix
1358,C30
1359,M3
1360,A5
1361,Jetta
1362,626
1363,A2
1364,Lancer
1365,Mini
1366,CLA
1367,ZS
1368,Partner
1369,ZT
1370,5
1371,C70
1372,Touareg
1373,940
1374,SLS
1375,Doblo
1376,Space
1377,Tiguan
1378,Tucson
1379,Arosa
1380,Multipla
1381,Fox
1382,Sirion
1383,SX4
1384,Kalos
1385,Streetka
1386,405
1387,HR-V
1388,Eos
1389,Terios
1390,FR-V
1391,AX
1392,Scirocco
1393,Twingo
1394,Q7
1395,Defender
1396,Superb
1397,190
1398,Lacetti
1399,City-coupe
1400,Toledo
1401,300
1402,Liana
1403,XC70
1404,IQ
1405,640i
1406,Cayenne
1407,Maverick
1408,CLC
1409,80
1410,Cougar
1411,Outlander
1412,A8
1413,C8
1414,807
1415,Roomster
1416,XKR
1417,Trajet
1418,Demio
1419,Premacy
1420,Forfour
1421,Cinquecento
1422,Neon
1423,Sierra
1424,440
1425,Pixo
1426,CityRover
1427,Pathfinder
1428,Continental
1429,Marea
1430,S2000
1431,Lantra
1432,9000
1433,Aveo
1434,300C
1435,Ulysse
1436,1007
1437,S3
1438,Picnic
1439,350Z
1440,Q5
1441,Elise
1442,Prelude
1443,Space
1444,Splash
1445,Streetwise
1446,Tacuma
1447,Galant
1448,GT
1449,Baleno
1450,806
1451,Caliber
1452,Cayman
1453,Cerato
1454,Serena
1455,XK
1456,159
1457,Cordoba
1458,Roadster-coupe
1459,X1
1460,Shuma
1461,3008
1462,607
1463,S4
1464,Captiva
1465,Outback
1466,Elantra
1467,Spider
1468,Sonata
1469,S70
1470,Magentis
1471,Camry
1472,Soul
1473,DS3
1474,Scorpio
1475,Juke
1476,Vantage
1477,Cabriolet
1478,Terracan
1479,Stream
1480,Insight
1481,Crossfire
1482,DB9
1483,Yeti
1484,Idea
1485,Granada
1486,944
1487,Grandis
1488,Explorer
1489,960
1490,MX-3
1491,M550i
1492,Patrol
1493,Capri
1494,Rexton
1495,Corrado
1496,19
1497,Spark
1498,Ix35
1499,X6
1500,Supra
1501,RS4
1502,Shuttle
1503,Pride
1504,Range
1505,Leganza
1506,Sedici
1507,309
1508,121
1509,Viano
1510,Probe
1511,Viano
1512,Justy
1513,Urban
1514,Concerto
1515,R
1516,Murano
1517,Transporter
1518,Bluebird
1519,Brera
1520,Venga
1521,Hilux
1522,Coupe
1523,DB7
1524,Vaneo
1525,Tribute
1526,100
1527,Nexia
1528,Nitro
1529,Logo
1530,Sebring
1531,Xedos
1532,Copen
1533,Legend
1534,4007
1535,Vento
1536,GLK
1537,Orion
1538,Mentor
1539,460
1540,500C
1541,Nemo
1542,S5
1543,GS
1544,C-Crosser
1545,5008
1546,Integra
1547,Maxima
1548,Journey
1549,Uno
1550,R8
1551,Favorit
1552,166
1553,RX
1554,Pajero
1555,Expert
1556,RCZ
1557,Cruze
1558,Phaeton
1559,RS6
1560,146
1561,MPV
1562,Paseo
1563,Carrera
1564,ASX
1565,MX-6
1566,Zafira
1567,Qubo
1568,Mustang
1569,Croma
1570,145
1571,GT-R
1572,850i
1573,F430
1574,Trafic
1575,Safrane
1576,Rodius
1577,Move
1578,CR-Z
1579,Exeo
1580,928
1581,Musso
1582,Vito
1583,Fiesta
1584,Focus
1585,Golf
1586,Clio
1587,Mondeo
1588,320i
1589,206
1590,Polo
1591,Micra
1592,Megane
1593,Ka+
1594,Civic
1595,Yaris
1596,Xsara
1597,307
1598,CLA
1599,Passat
1600,A4
1601,Corolla
1602,Escort
1603,306
1604,Cooper
1605,Almera
1606,106
1607,Jazz
1608,Avensis
1609,Freelander
1610,Laguna
1611,A3
1612,535i
1613,Discovery
1614,Saxo
1615,Fabia
1616,406
1617,207
1618,E
1619,2000
1620,C3
1621,Accord
1622,Scenic
1623,Primera
1624,A
1625,RAV4
1626,9-3X
1627,Ibiza
1628,Octavia
1629,Galaxy
1630,118i
1631,XE
1632,MX-5
1633,Range
1634,75
1635,A6
1636,One
1637,V70
1638,Fusion
1639,Vitara
1640,Leon
1641,6
1642,Swift
1643,S40
1644,C4
1645,TT
1646,Beetle
1647,CLK
1648,Getz
1649,3
1650,45
1651,107
1652,Picanto
1653,323
1654,V40
1655,Panda
1656,X-Trail
1657,Aygo
1658,S-Type
1659,C2
1660,Accent
1661,X5
1662,407
1663,C5
1664,Impreza
1665,Celica
1666,Berlingo
1667,Touran
1668,Bora
1669,ML
1670,Colt
1671,Puma
1672,ZR
1673,C1
1674,09-May
1675,SLK
1676,2
1677,XJ
1678,Note
1679,Auris
1680,Rio
1681,Stilo
1682,Sharan
1683,Carina
1684,Qashqai+2
1685,Espace
1686,Felicia
1687,Voyager
1688,Alto
1689,Seicento
1690,500L
1691,S60
1692,Wagon
1693,911
1694,156
1695,308
1696,Brava
1697,Xantia
1698,I10
1699,Jimny
1700,MR2
1701,205
1702,Bravo
1703,Boxster
1704,ZX
1705,Carisma
1706,XC90
1707,Lupo
1708,Lanos
1709,V50
1710,147
1711,Modus
1712,X3
1713,Sportage
1714,Sprinter
1715,Santa
1716,Previa
1717,Prius
1718,Matiz
1719,Alhambra
1720,Ignis
1721,TF
1722,900
1723,XK
1724,850
1725,Z4
1726,Sorento
1727,Starlet
1728,740i
1729,S-MAX
1730,626
1731,S80
1732,Terrano
1733,405
1734,PT
1735,Forester
1736,Kangoo
1737,940
1738,Mini
1739,Legacy
1740,Altea
1741,Z3
1742,Fortwo
1743,B
1744,Carens
1745,Ceed
1746,M3
1747,AX
1748,ZS
1749,Matrix
1750,A2
1751,ZT
1752,SLS
1753,Lancer
1754,Space
1755,I30
1756,C70
1757,Partner
1758,Arosa
1759,CLA
1760,Multipla
1761,Jetta
1762,190
1763,C-MAX
1764,Sirion
1765,Touareg
1766,Streetka
1767,Doblo
1768,Tucson
1769,HR-V
1770,Kalos
1771,5
1772,Terios
1773,80
1774,C30
1775,300
1776,XF
1777,I20
1778,Toledo
1779,440
1780,FR-V
1781,SX4
1782,Cinquecento
1783,Eos
1784,City-coupe
1785,Maverick
1786,Defender
1787,Sierra
1788,Fox
1789,Liana
1790,Lacetti
1791,Cougar
1792,Marea
1793,Superb
1794,640i
1795,Neon
1796,Kuga
1797,A5
1798,9000
1799,Lantra
1800,Q7
1801,Cayenne
1802,XC70
1803,Tiguan
1804,C8
1805,807
1806,Trajet
1807,Demio
1808,Premacy
1809,A8
1810,Forfour
1811,Space
1812,Ulysse
1813,Prelude
1814,CityRover
1815,S2000
1816,Picnic
1817,Elise
1818,Galant
1819,Serena
1820,Scirocco
1821,Baleno
1822,Outlander
1823,Continental
1824,CLC
1825,Roomster
1826,350Z
1827,Twingo
1828,1007
1829,Pathfinder
1830,Cordoba
1831,806
1832,S3
1833,IQ
1834,Streetwise
1835,300C
1836,Shuma
1837,Scorpio
1838,Cerato
1839,Roadster-coupe
1840,Caliber
1841,GT
1842,607
1843,19
1844,Cayman
1845,Camry
1846,Tacuma
1847,Sonata
1848,Granada
1849,S70
1850,Elantra
1851,Splash
1852,Spider
1853,MX-3
1854,Cabriolet
1855,S4
1856,Pride
1857,Magentis
1858,Aveo
1859,Leganza
1860,309
1861,944
1862,Outback
1863,960
1864,Terracan
1865,159
1866,Stream
1867,Explorer
1868,Crossfire
1869,Probe
1870,Capri
1871,Supra
1872,Q5
1873,Nexia
1874,Patrol
1875,Pixo
1876,Vantage
1877,Corrado
1878,Concerto
1879,Idea
1880,DB9
1881,Bluebird
1882,M550i
1883,121
1884,Shuttle
1885,Grandis
1886,Range
1887,Rexton
1888,Captiva
1889,RS4
1890,100
1891,Justy
1892,Orion
1893,Coupe
1894,Viano
1895,460
1896,Xedos
1897,Vento
1898,Sedici
1899,Hilux
1900,Mentor
1901,Uno
1902,Favorit
1903,DB7
1904,Murano
1905,Viano
1906,X6
1907,Legend
1908,Tribute
1909,R
1910,Vaneo
1911,Logo
1912,Copen
1913,Maxima
1914,Soul
1915,Nitro
1916,146
1917,Brera
1918,Transporter
1919,Integra
1920,Sebring
1921,166
1922,Insight
1923,MX-6
1924,GLK
1925,145
1926,Pajero
1927,4007
1928,Tipo
1929,Safrane
1930,Paseo
1931,GS
1932,RX
1933,Espero
1934,Carrera
1935,MPV
1936,XM
1937,RS6
1938,Musso
1939,Phaeton
1940,Mustang
1941,R8
1942,850i
1943,Zafira
1944,F430
1945,Croma
1946,Move
1947,Urban
1948,928
1949,S5
1950,C-Crosser
1951,CRX
1952,Space
1953,Nemo
1954,Tuscan
1955,Vel
1956,21
1957,Fiesta
1958,Focus
1959,Golf
1960,Clio
1961,Mondeo
1962,206
1963,320i
1964,Micra
1965,Megane
1966,Polo
1967,Ka+
1968,Civic
1969,Escort
1970,Xsara
1971,Yaris
1972,307
1973,Passat
1974,CLA
1975,306
1976,A4
1977,Corolla
1978,106
1979,Almera
1980,Laguna
1981,Saxo
1982,Cooper
1983,2000
1984,Freelander
1985,406
1986,Avensis
1987,535i
1988,Discovery
1989,Jazz
1990,A3
1991,Fabia
1992,Primera
1993,E
1994,Accord
1995,C3
1996,RAV4
1997,A
1998,Ibiza
1999,Scenic
2000,207
2001,9-3X
2002,Galaxy
2003,Octavia
2004,MX-5
2005,75
2006,XE
2007,Range
2008,Vitara
2009,V70
2010,A6
2011,One
2012,118i
2013,S40
2014,Leon
2015,Fusion
2016,323
2017,Swift
2018,6
2019,Beetle
2020,45
2021,TT
2022,CLK
2023,Getz
2024,Accent
2025,V40
2026,C4
2027,S-Type
2028,Carina
2029,Celica
2030,C2
2031,X-Trail
2032,Impreza
2033,3
2034,Puma
2035,Bora
2036,ZR
2037,X5
2038,C5
2039,XJ
2040,Felicia
2041,Berlingo
2042,09-May
2043,ML
2044,107
2045,407
2046,SLK
2047,Colt
2048,Panda
2049,Espace
2050,Xantia
2051,Touran
2052,Picanto
2053,Aygo
2054,Stilo
2055,205
2056,Brava
2057,Sharan
2058,ZX
2059,Seicento
2060,156
2061,Voyager
2062,Wagon
2063,C1
2064,S60
2065,Rio
2066,911
2067,MR2
2068,Lanos
2069,405
2070,Carisma
2071,Alto
2072,2
2073,900
2074,Jimny
2075,AX
2076,850
2077,Lupo
2078,Bravo
2079,Auris
2080,Boxster
2081,626
2082,Note
2083,Previa
2084,Starlet
2085,147
2086,Ignis
2087,TF
2088,Sprinter
2089,XC90
2090,940
2091,Alhambra
2092,740i
2093,Santa
2094,X3
2095,Modus
2096,Terrano
2097,Qashqai+2
2098,XK
2099,Mini
2100,Sportage
2101,S80
2102,PT
2103,Sorento
2104,Legacy
2105,Z3
2106,Z4
2107,Forester
2108,190
2109,V50
2110,ZS
2111,440
2112,M3
2113,Kangoo
2114,Prius
2115,80
2116,A2
2117,ZT
2118,Matiz
2119,Cinquecento
2120,Matrix
2121,Carens
2122,Arosa
2123,Sierra
2124,Space
2125,Altea
2126,SLS
2127,S-MAX
2128,Multipla
2129,Streetka
2130,Lancer
2131,HR-V
2132,C70
2133,300
2134,Partner
2135,B
2136,Marea
2137,Sirion
2138,Toledo
2139,CLA
2140,Doblo
2141,Tucson
2142,500L
2143,Maverick
2144,9000
2145,Lantra
2146,Jetta
2147,Terios
2148,Touareg
2149,Fortwo
2150,Kalos
2151,City-coupe
2152,Neon
2153,Cougar
2154,Liana
2155,308
2156,5
2157,FR-V
2158,Space
2159,Ceed
2160,Defender
2161,Prelude
2162,640i
2163,Serena
2164,Eos
2165,SX4
2166,Demio
2167,Galant
2168,19
2169,Ulysse
2170,Baleno
2171,Cayenne
2172,Trajet
2173,Premacy
2174,Scorpio
2175,Superb
2176,Lacetti
2177,C8
2178,807
2179,Cordoba
2180,Fox
2181,Elise
2182,CityRover
2183,Forfour
2184,A8
2185,Picnic
2186,XC70
2187,C-MAX
2188,806
2189,Granada
2190,S2000
2191,Q7
2192,Shuma
2193,Continental
2194,350Z
2195,Streetwise
2196,C30
2197,1007
2198,309
2199,Pride
2200,Camry
2201,S3
2202,Nexia
2203,Roadster-coupe
2204,I10
2205,MX-3
2206,Leganza
2207,S70
2208,607
2209,Sonata
2210,Cerato
2211,Pathfinder
2212,XF
2213,Outlander
2214,300C
2215,Roomster
2216,Concerto
2217,Bluebird
2218,Probe
2219,Elantra
2220,A5
2221,Caliber
2222,GT
2223,I30
2224,Orion
2225,960
2226,Cabriolet
2227,Twingo
2228,Spider
2229,944
2230,Explorer
2231,Cayman
2232,460
2233,Supra
2234,121
2235,Tacuma
2236,Uno
2237,Range
2238,100
2239,Corrado
2240,Patrol
2241,Capri
2242,Stream
2243,Terracan
2244,S4
2245,Favorit
2246,Vento
2247,Crossfire
2248,Magentis
2249,Tiguan
2250,Shuttle
2251,Xedos
2252,Coupe
2253,Idea
2254,M550i
2255,Justy
2256,Scirocco
2257,Outback
2258,Mentor
2259,DB9
2260,Viano
2261,Vantage
2262,RS4
2263,Hilux
2264,CLC
2265,Grandis
2266,Tipo
2267,146
2268,Rexton
2269,Kuga
2270,159
2271,Maxima
2272,Espero
2273,Legend
2274,DB7
2275,Tribute
2276,Vaneo
2277,Logo
2278,145
2279,Sedici
2280,MX-6
2281,Integra
2282,Safrane
2283,166
2284,Murano
2285,R
2286,Copen
2287,Splash
2288,Viano
2289,Paseo
2290,Pajero
2291,XM
2292,21
2293,Captiva
2294,Musso
2295,MPV
2296,Carrera
2297,Move
2298,Transporter
2299,Space
2300,850i
2301,GLK
2302,RX
2303,Brera
2304,Prairie
2305,CRX
2306,Mustang
2307,Zafira
2308,Nitro
2309,928
2310,F430
2311,Croma
2312,SJ
2313,Tuscan
2314,GS
2315,Vel
2316,RS6
2317,Esprit
2318,Samurai
2319,360
2320,Phaeton
2321,Fiesta
2322,Focus
2323,Golf
2324,Clio
2325,Mondeo
2326,206
2327,320i
2328,Micra
2329,Megane
2330,Polo
2331,Ka+
2332,Escort
2333,Civic
2334,306
2335,Xsara
2336,Yaris
2337,106
2338,307
2339,Passat
2340,Corolla
2341,CLA
2342,2000
2343,A4
2344,Laguna
2345,Almera
2346,Saxo
2347,406
2348,Discovery
2349,535i
2350,Freelander
2351,Avensis
2352,Primera
2353,Cooper
2354,Accord
2355,E
2356,Fabia
2357,Jazz
2358,A3
2359,RAV4
2360,C3
2361,A
2362,Ibiza
2363,Galaxy
2364,75
2365,9-3X
2366,Octavia
2367,MX-5
2368,Vitara
2369,Scenic
2370,Range
2371,XE
2372,V70
2373,323
2374,A6
2375,S40
2376,One
2377,Accent
2378,Carina
2379,45
2380,Beetle
2381,Leon
2382,V40
2383,207
2384,Fusion
2385,CLK
2386,Swift
2387,TT
2388,6
2389,Xantia
2390,Celica
2391,205
2392,Felicia
2393,Getz
2394,S-Type
2395,ZX
2396,Impreza
2397,Puma
2398,XJ
2399,118i
2400,ZR
2401,Bora
2402,Brava
2403,C2
2404,C5
2405,Espace
2406,405
2407,X-Trail
2408,09-May
2409,Berlingo
2410,X5
2411,ML
2412,Seicento
2413,Stilo
2414,SLK
2415,AX
2416,3
2417,Sharan
2418,156
2419,C4
2420,Colt
2421,Lanos
2422,Wagon
2423,Panda
2424,MR2
2425,Picanto
2426,Carisma
2427,900
2428,407
2429,Voyager
2430,626
2431,Touran
2432,850
2433,S60
2434,911
2435,Alto
2436,107
2437,Rio
2438,940
2439,Previa
2440,Bravo
2441,Jimny
2442,Lupo
2443,440
2444,Starlet
2445,Aygo
2446,Boxster
2447,Sierra
2448,190
2449,147
2450,TF
2451,80
2452,740i
2453,Terrano
2454,Ignis
2455,Mini
2456,Sprinter
2457,Alhambra
2458,Cinquecento
2459,Santa
2460,XK
2461,XC90
2462,Legacy
2463,Z3
2464,C1
2465,S80
2466,PT
2467,Sportage
2468,ZS
2469,X3
2470,Forester
2471,Sorento
2472,Marea
2473,300
2474,A2
2475,ZT
2476,Modus
2477,M3
2478,Arosa
2479,Kangoo
2480,9000
2481,Z4
2482,2
2483,Note
2484,Space
2485,Lantra
2486,Multipla
2487,Matrix
2488,HR-V
2489,Toledo
2490,SLS
2491,19
2492,Streetka
2493,Maverick
2494,Carens
2495,V50
2496,Auris
2497,C70
2498,Partner
2499,Neon
2500,Lancer
2501,Prius
2502,Altea
2503,Scorpio
2504,Prelude
2505,Space
2506,Cougar
2507,Matiz
2508,Terios
2509,Doblo
2510,Tucson
2511,City-coupe
2512,Serena
2513,CLA
2514,Sirion
2515,Granada
2516,Liana
2517,Galant
2518,Baleno
2519,Touareg
2520,B
2521,Qashqai+2
2522,309
2523,Nexia
2524,Ulysse
2525,Cordoba
2526,Demio
2527,Kalos
2528,S-MAX
2529,Premacy
2530,Defender
2531,Jetta
2532,Trajet
2533,Elise
2534,Pride
2535,Orion
2536,Picnic
2537,CityRover
2538,640i
2539,Cayenne
2540,806
2541,FR-V
2542,Forfour
2543,Bluebird
2544,C8
2545,Camry
2546,Superb
2547,807
2548,Shuma
2549,A8
2550,Concerto
2551,S2000
2552,5
2553,Leganza
2554,Probe
2555,Uno
2556,MX-3
2557,Lacetti
2558,Streetwise
2559,Fortwo
2560,460
2561,XC70
2562,Sonata
2563,1007
2564,Favorit
2565,S70
2566,350Z
2567,Eos
2568,SX4
2569,Roadster-coupe
2570,Range
2571,100
2572,Continental
2573,Fox
2574,S3
2575,960
2576,607
2577,Elantra
2578,Vento
2579,Q7
2580,Supra
2581,944
2582,Cerato
2583,Cabriolet
2584,121
2585,Explorer
2586,Tipo
2587,Corrado
2588,Xedos
2589,Patrol
2590,Capri
2591,Spider
2592,Coupe
2593,Pathfinder
2594,Mentor
2595,300C
2596,Espero
2597,Stream
2598,Outlander
2599,S4
2600,Shuttle
2601,GT
2602,Terracan
2603,Justy
2604,Crossfire
2605,Caliber
2606,Ceed
2607,146
2608,Magentis
2609,Hilux
2610,M550i
2611,Viano
2612,Cayman
2613,Idea
2614,Maxima
2615,Scirocco
2616,Roomster
2617,Tacuma
2618,RS4
2619,21
2620,Safrane
2621,C30
2622,145
2623,Legend
2624,DB9
2625,MX-6
2626,Rexton
2627,Outback
2628,Vantage
2629,Grandis
2630,DB7
2631,XM
2632,Tribute
2633,Logo
2634,166
2635,Vaneo
2636,Integra
2637,C-MAX
2638,Musso
2639,Pajero
2640,Paseo
2641,Prairie
2642,Space
2643,Tempra
2644,SJ
2645,Copen
2646,Murano
2647,Move
2648,Carrera
2649,159
2650,850i
2651,MPV
2652,Viano
2653,R
2654,CRX
2655,928
2656,308
2657,Samurai
2658,Sedici
2659,A5
2660,Zafira
2661,155
2662,Esprit
2663,Tuscan
2664,Barchetta
2665,90
2666,I30
2667,Vel
2668,360
2669,RX
2670,Croma
2671,Mustang
2672,TR7
2673,F430
2674,Fiesta
2675,Focus
2676,Mondeo
2677,Golf
2678,Clio
2679,206
2680,Micra
2681,320i
2682,Escort
2683,Megane
2684,Polo
2685,Ka+
2686,Civic
2687,306
2688,2000
2689,106
2690,Xsara
2691,Corolla
2692,Passat
2693,Laguna
2694,CLA
2695,Yaris
2696,307
2697,Saxo
2698,A4
2699,406
2700,Almera
2701,Primera
2702,Discovery
2703,535i
2704,Freelander
2705,Avensis
2706,Accord
2707,E
2708,Cooper
2709,Fabia
2710,A3
2711,RAV4
2712,Jazz
2713,Ibiza
2714,Galaxy
2715,C3
2716,A
2717,75
2718,Vitara
2719,323
2720,Carina
2721,Octavia
2722,MX-5
2723,9-3X
2724,205
2725,Accent
2726,V70
2727,Range
2728,Xantia
2729,S40
2730,A6
2731,45
2732,ZX
2733,XE
2734,405
2735,V40
2736,Felicia
2737,Beetle
2738,One
2739,Brava
2740,Scenic
2741,Celica
2742,AX
2743,Leon
2744,CLK
2745,XJ
2746,Puma
2747,ZR
2748,Impreza
2749,S-Type
2750,Bora
2751,Espace
2752,TT
2753,Swift
2754,Fusion
2755,6
2756,Getz
2757,C5
2758,Seicento
2759,09-May
2760,Sierra
2761,Stilo
2762,156
2763,Berlingo
2764,900
2765,C2
2766,Lanos
2767,626
2768,ML
2769,440
2770,X-Trail
2771,X5
2772,Carisma
2773,MR2
2774,SLK
2775,Sharan
2776,850
2777,Wagon
2778,940
2779,118i
2780,Alto
2781,80
2782,Bravo
2783,Colt
2784,190
2785,Voyager
2786,Cinquecento
2787,Previa
2788,3
2789,911
2790,S60
2791,Starlet
2792,Lupo
2793,Panda
2794,Picanto
2795,Mini
2796,Rio
2797,Jimny
2798,740i
2799,Boxster
2800,Terrano
2801,19
2802,TF
2803,147
2804,Touran
2805,Ignis
2806,C4
2807,Alhambra
2808,9000
2809,407
2810,Legacy
2811,Sprinter
2812,Marea
2813,Z3
2814,300
2815,Lantra
2816,ZS
2817,S80
2818,XK
2819,PT
2820,Santa
2821,Granada
2822,A2
2823,ZT
2824,M3
2825,Arosa
2826,Forester
2827,XC90
2828,Sportage
2829,Space
2830,Toledo
2831,Scorpio
2832,Maverick
2833,HR-V
2834,309
2835,Sorento
2836,Kangoo
2837,107
2838,Orion
2839,207
2840,Neon
2841,Multipla
2842,Streetka
2843,Nexia
2844,SLS
2845,Prelude
2846,Modus
2847,Space
2848,Matrix
2849,Aygo
2850,Serena
2851,Galant
2852,Z4
2853,Carens
2854,C70
2855,X3
2856,Cougar
2857,Partner
2858,Uno
2859,2
2860,Bluebird
2861,Baleno
2862,Lancer
2863,Cordoba
2864,City-coupe
2865,Pride
2866,Liana
2867,Terios
2868,V50
2869,Concerto
2870,Doblo
2871,Ulysse
2872,Demio
2873,Sirion
2874,460
2875,Favorit
2876,Camry
2877,Premacy
2878,C1
2879,Probe
2880,Elise
2881,Trajet
2882,Leganza
2883,Tucson
2884,Picnic
2885,CityRover
2886,CLA
2887,806
2888,Shuma
2889,100
2890,Tipo
2891,Range
2892,MX-3
2893,Touareg
2894,Prius
2895,Note
2896,Altea
2897,Defender
2898,Matiz
2899,640i
2900,Cayenne
2901,A8
2902,Streetwise
2903,S2000
2904,C8
2905,Vento
2906,Superb
2907,Forfour
2908,Sonata
2909,S70
2910,Espero
2911,960
2912,807
2913,Jetta
2914,Kalos
2915,121
2916,Supra
2917,Roadster-coupe
2918,Xedos
2919,B
2920,944
2921,FR-V
2922,Corrado
2923,Coupe
2924,Elantra
2925,Cabriolet
2926,Explorer
2927,350Z
2928,Mentor
2929,21
2930,Capri
2931,607
2932,Patrol
2933,XC70
2934,Lacetti
2935,Justy
2936,146
2937,S3
2938,Continental
2939,Spider
2940,5
2941,Stream
2942,Shuttle
2943,Cerato
2944,Fortwo
2945,Scirocco
2946,Safrane
2947,Hilux
2948,Maxima
2949,1007
2950,S4
2951,Viano
2952,Terracan
2953,XM
2954,145
2955,Crossfire
2956,M550i
2957,Magentis
2958,Idea
2959,MX-6
2960,Pathfinder
2961,Legend
2962,S-MAX
2963,Prairie
2964,GT
2965,Tempra
2966,DB7
2967,Musso
2968,Fox
2969,Tribute
2970,166
2971,Logo
2972,Outlander
2973,Integra
2974,Tacuma
2975,300C
2976,SJ
2977,Vaneo
2978,Paseo
2979,Eos
2980,Outback
2981,Rexton
2982,Grandis
2983,DB9
2984,Pajero
2985,Q7
2986,SX4
2987,Space
2988,Cayman
2989,90
2990,155
2991,Caliber
2992,Move
2993,RS4
2994,Samurai
2995,850i
2996,Carrera
2997,Vantage
2998,CRX
2999,928
3000,MPV
3001,Barchetta
3002,Murano
3003,Zafira
3004,Copen
3005,Pony
3006,Tuscan
3007,Esprit
3008,605
3009,25
3010,360
3011,Vel
3012,164
3013,TR7
3014,Viano
3015,Fiesta
3016,Mondeo
3017,Focus
3018,Golf
3019,Clio
3020,Escort
3021,Micra
3022,320i
3023,206
3024,Polo
3025,Megane
3026,Ka+
3027,Civic
3028,2000
3029,306
3030,106
3031,Xsara
3032,Corolla
3033,Laguna
3034,Passat
3035,Saxo
3036,406
3037,CLA
3038,Yaris
3039,Almera
3040,Primera
3041,A4
3042,307
3043,535i
3044,Discovery
3045,Accord
3046,Freelander
3047,Avensis
3048,E
3049,205
3050,Cooper
3051,Fabia
3052,Carina
3053,RAV4
3054,Ibiza
3055,323
3056,Galaxy
3057,405
3058,Xantia
3059,75
3060,A3
3061,ZX
3062,A
3063,Vitara
3064,C3
3065,Accent
3066,Jazz
3067,AX
3068,MX-5
3069,Octavia
3070,45
3071,V70
3072,Sierra
3073,Felicia
3074,S40
3075,Brava
3076,9-3X
3077,Range
3078,A6
3079,V40
3080,Celica
3081,Beetle
3082,XE
3083,XJ
3084,Puma
3085,440
3086,One
3087,ZR
3088,Espace
3089,CLK
3090,Impreza
3091,626
3092,Bora
3093,Leon
3094,900
3095,S-Type
3096,TT
3097,Seicento
3098,Swift
3099,Lanos
3100,80
3101,19
3102,MR2
3103,Carisma
3104,156
3105,850
3106,C5
3107,940
3108,09-May
3109,190
3110,Scenic
3111,Getz
3112,Cinquecento
3113,Bravo
3114,Fusion
3115,Berlingo
3116,Stilo
3117,Wagon
3118,Sharan
3119,ML
3120,SLK
3121,X5
3122,6
3123,X-Trail
3124,C2
3125,Mini
3126,Starlet
3127,Alto
3128,Orion
3129,Previa
3130,Granada
3131,Lupo
3132,9000
3133,Colt
3134,740i
3135,Voyager
3136,911
3137,309
3138,Terrano
3139,Jimny
3140,Marea
3141,TF
3142,300
3143,S60
3144,Panda
3145,Lantra
3146,Rio
3147,Boxster
3148,Legacy
3149,147
3150,Z3
3151,Uno
3152,Alhambra
3153,Nexia
3154,Ignis
3155,Scorpio
3156,Sprinter
3157,ZS
3158,Bluebird
3159,3
3160,Arosa
3161,Toledo
3162,S80
3163,Prelude
3164,M3
3165,118i
3166,A2
3167,PT
3168,Picanto
3169,Maverick
3170,XK
3171,Neon
3172,Space
3173,ZT
3174,Forester
3175,HR-V
3176,Space
3177,Touran
3178,Galant
3179,Santa
3180,Serena
3181,Multipla
3182,Sportage
3183,Favorit
3184,SLS
3185,Streetka
3186,Kangoo
3187,Pride
3188,Tipo
3189,XC90
3190,460
3191,Concerto
3192,Baleno
3193,Cougar
3194,Cordoba
3195,Matrix
3196,C4
3197,Probe
3198,407
3199,Range
3200,Camry
3201,100
3202,C70
3203,Carens
3204,Sorento
3205,Partner
3206,Leganza
3207,Demio
3208,Z4
3209,Lancer
3210,Liana
3211,Ulysse
3212,Terios
3213,Espero
3214,21
3215,Premacy
3216,City-coupe
3217,MX-3
3218,2
3219,Elise
3220,806
3221,Picnic
3222,Modus
3223,Shuma
3224,X3
3225,Trajet
3226,Doblo
3227,Vento
3228,Sirion
3229,960
3230,CityRover
3231,Sonata
3232,S70
3233,Xedos
3234,121
3235,Coupe
3236,Streetwise
3237,Defender
3238,944
3239,Supra
3240,Corrado
3241,Capri
3242,S2000
3243,Mentor
3244,A8
3245,V50
3246,Justy
3247,Explorer
3248,Cayenne
3249,Jetta
3250,Cabriolet
3251,Patrol
3252,640i
3253,C8
3254,146
3255,CLA
3256,Safrane
3257,807
3258,Scirocco
3259,Elantra
3260,Superb
3261,Roadster-coupe
3262,Touareg
3263,Tucson
3264,Prius
3265,XM
3266,Spider
3267,Tempra
3268,607
3269,S3
3270,Maxima
3271,Prairie
3272,Shuttle
3273,350Z
3274,Forfour
3275,Stream
3276,Hilux
3277,145
3278,Viano
3279,MX-6
3280,Legend
3281,Altea
3282,XC70
3283,107
3284,FR-V
3285,Matiz
3286,S4
3287,Continental
3288,SJ
3289,M550i
3290,Musso
3291,Terracan
3292,Kalos
3293,Integra
3294,90
3295,DB7
3296,166
3297,Magentis
3298,Idea
3299,Fortwo
3300,Tribute
3301,155
3302,Logo
3303,Crossfire
3304,Paseo
3305,Space
3306,25
3307,Pony
3308,Samurai
3309,Cerato
3310,Outlander
3311,Vaneo
3312,Aygo
3313,Pajero
3314,GT
3315,605
3316,Move
3317,850i
3318,CRX
3319,Lacetti
3320,928
3321,164
3322,Carrera
3323,Rexton
3324,11
3325,505
3326,Barchetta
3327,Outback
3328,DB9
3329,MPV
3330,Marbella
3331,Esprit
3332,TR7
3333,C1
3334,Zafira
3335,Acclaim
3336,360
3337,Tuscan
3338,Quattro
3339,Pathfinder
3340,5
3341,Vel
3342,B
3343,X-90
3344,Samara
3345,Fiesta
3346,Escort
3347,Mondeo
3348,Golf
3349,Clio
3350,Focus
3351,Micra
3352,320i
3353,Polo
3354,Megane
3355,206
3356,2000
3357,306
3358,Civic
3359,Ka+
3360,106
3361,Laguna
3362,Corolla
3363,Saxo
3364,Xsara
3365,406
3366,Passat
3367,Primera
3368,CLA
3369,Almera
3370,Yaris
3371,535i
3372,A4
3373,Discovery
3374,Accord
3375,307
3376,205
3377,Freelander
3378,405
3379,Carina
3380,Avensis
3381,E
3382,Sierra
3383,323
3384,Xantia
3385,ZX
3386,AX
3387,Ibiza
3388,Fabia
3389,RAV4
3390,Galaxy
3391,Vitara
3392,Accent
3393,Cooper
3394,A
3395,75
3396,Brava
3397,Felicia
3398,MX-5
3399,A3
3400,440
3401,45
3402,V70
3403,S40
3404,C3
3405,V40
3406,Range
3407,XJ
3408,Octavia
3409,19
3410,A6
3411,Celica
3412,9-3X
3413,626
3414,Puma
3415,Jazz
3416,Orion
3417,Beetle
3418,80
3419,900
3420,Espace
3421,Seicento
3422,Impreza
3423,XE
3424,Granada
3425,190
3426,Lanos
3427,ZR
3428,940
3429,CLK
3430,Cinquecento
3431,850
3432,309
3433,MR2
3434,Swift
3435,Carisma
3436,S-Type
3437,Bora
3438,TT
3439,Bravo
3440,Leon
3441,One
3442,156
3443,9000
3444,Mini
3445,09-May
3446,Uno
3447,C5
3448,Starlet
3449,Wagon
3450,Sharan
3451,Berlingo
3452,ML
3453,Stilo
3454,740i
3455,Bluebird
3456,Fusion
3457,Previa
3458,Lupo
3459,300
3460,Lantra
3461,SLK
3462,Marea
3463,Nexia
3464,Colt
3465,Getz
3466,Terrano
3467,X5
3468,911
3469,Scorpio
3470,Scenic
3471,Alto
3472,Voyager
3473,Legacy
3474,Jimny
3475,X-Trail
3476,Z3
3477,6
3478,Tipo
3479,Panda
3480,TF
3481,Prelude
3482,Favorit
3483,Boxster
3484,Rio
3485,Toledo
3486,C2
3487,Sprinter
3488,Alhambra
3489,147
3490,Arosa
3491,Galant
3492,S60
3493,Space
3494,Neon
3495,460
3496,Maverick
3497,Pride
3498,Ignis
3499,ZS
3500,Concerto
3501,M3
3502,XK
3503,S80
3504,HR-V
3505,Serena
3506,21
3507,A2
3508,PT
3509,100
3510,Space
3511,Range
3512,Forester
3513,Baleno
3514,Multipla
3515,Camry
3516,Cougar
3517,Cordoba
3518,SLS
3519,Probe
3520,ZT
3521,Kangoo
3522,Santa
3523,Espero
3524,Leganza
3525,Sportage
3526,Demio
3527,Streetka
3528,MX-3
3529,C70
3530,Vento
3531,Premacy
3532,Matrix
3533,Ulysse
3534,Picnic
3535,Shuma
3536,806
3537,Carens
3538,Elise
3539,XC90
3540,Jetta
3541,Partner
3542,Terios
3543,Liana
3544,3
3545,960
3546,Touran
3547,Coupe
3548,Xedos
3549,121
3550,Z4
3551,Sonata
3552,Lancer
3553,Capri
3554,Trajet
3555,Picanto
3556,Scirocco
3557,944
3558,Supra
3559,Corrado
3560,S70
3561,Justy
3562,Tempra
3563,Safrane
3564,Mentor
3565,City-coupe
3566,Sorento
3567,Doblo
3568,XM
3569,Sirion
3570,146
3571,Prairie
3572,Explorer
3573,Cabriolet
3574,Patrol
3575,2
3576,Defender
3577,S2000
3578,A8
3579,Streetwise
3580,Maxima
3581,Spider
3582,118i
3583,Elantra
3584,CityRover
3585,S3
3586,X3
3587,Shuttle
3588,SJ
3589,145
3590,Legend
3591,807
3592,MX-6
3593,C8
3594,407
3595,640i
3596,Cayenne
3597,Viano
3598,90
3599,Hilux
3600,Stream
3601,25
3602,Roadster-coupe
3603,607
3604,Superb
3605,Integra
3606,Pony
3607,Musso
3608,CLA
3609,155
3610,11
3611,M550i
3612,605
3613,Touareg
3614,DB7
3615,S4
3616,166
3617,Samurai
3618,350Z
3619,505
3620,Tribute
3621,164
3622,Logo
3623,Paseo
3624,Prius
3625,Space
3626,Marbella
3627,XC70
3628,Samara
3629,Magentis
3630,928
3631,850i
3632,Move
3633,Terracan
3634,Acclaim
3635,CRX
3636,V50
3637,Carrera
3638,Continental
3639,Vaneo
3640,Tucson
3641,Barchetta
3642,Modus
3643,Esprit
3644,Pajero
3645,TR7
3646,Crossfire
3647,305
3648,Outlander
3649,Quattro
3650,MPV
3651,Zafira
3652,360
3653,2000
3654,Tuscan
3655,X-90
3656,Griffith
3657,Altea
3658,Fiesta
3659,Escort
3660,Mondeo
3661,Golf
3662,Clio
3663,Micra
3664,Focus
3665,2000
3666,320i
3667,Polo
3668,Megane
3669,206
3670,306
3671,Civic
3672,106
3673,Ka+
3674,Laguna
3675,Corolla
3676,Saxo
3677,406
3678,Primera
3679,Xsara
3680,Passat
3681,205
3682,Sierra
3683,CLA
3684,Almera
3685,535i
3686,405
3687,Discovery
3688,Accord
3689,Yaris
3690,A4
3691,Carina
3692,ZX
3693,AX
3694,323
3695,Xantia
3696,Freelander
3697,E
3698,Avensis
3699,307
3700,Orion
3701,Ibiza
3702,Accent
3703,440
3704,Galaxy
3705,19
3706,Vitara
3707,Brava
3708,RAV4
3709,Felicia
3710,Fabia
3711,A
3712,MX-5
3713,Granada
3714,626
3715,309
3716,XJ
3717,80
3718,75
3719,45
3720,S40
3721,V70
3722,Range
3723,900
3724,V40
3725,Cooper
3726,Celica
3727,A3
3728,Puma
3729,Uno
3730,190
3731,Espace
3732,A6
3733,Octavia
3734,Bluebird
3735,Seicento
3736,940
3737,Cinquecento
3738,Beetle
3739,9-3X
3740,Lanos
3741,Swift
3742,C3
3743,850
3744,9000
3745,MR2
3746,Impreza
3747,Bravo
3748,Carisma
3749,Mini
3750,CLK
3751,Starlet
3752,Bora
3753,S-Type
3754,ZR
3755,Jazz
3756,Tipo
3757,740i
3758,XE
3759,TT
3760,Lantra
3761,156
3762,300
3763,Nexia
3764,09-May
3765,Sharan
3766,Previa
3767,Leon
3768,Wagon
3769,Marea
3770,Colt
3771,Favorit
3772,Scorpio
3773,ML
3774,Lupo
3775,C5
3776,One
3777,21
3778,Berlingo
3779,Terrano
3780,Prelude
3781,Legacy
3782,SLK
3783,Stilo
3784,Z3
3785,911
3786,460
3787,Galant
3788,Concerto
3789,Panda
3790,Toledo
3791,Pride
3792,Space
3793,Fusion
3794,Voyager
3795,Jimny
3796,100
3797,Neon
3798,Boxster
3799,Maverick
3800,Range
3801,X5
3802,Sprinter
3803,Alhambra
3804,Serena
3805,Arosa
3806,TF
3807,Alto
3808,Camry
3809,HR-V
3810,147
3811,XK
3812,M3
3813,Espero
3814,Baleno
3815,Probe
3816,Cordoba
3817,Cougar
3818,S80
3819,X-Trail
3820,Jetta
3821,Rio
3822,A2
3823,6
3824,Ignis
3825,ZS
3826,Getz
3827,Forester
3828,PT
3829,S60
3830,Leganza
3831,Multipla
3832,Kangoo
3833,Space
3834,SLS
3835,Sportage
3836,MX-3
3837,Vento
3838,Demio
3839,Tempra
3840,Scirocco
3841,Coupe
3842,Picnic
3843,ZT
3844,Capri
3845,121
3846,Shuma
3847,XM
3848,806
3849,Santa
3850,Justy
3851,Xedos
3852,960
3853,Safrane
3854,Elise
3855,Ulysse
3856,Prairie
3857,C70
3858,Terios
3859,Premacy
3860,Supra
3861,944
3862,Corrado
3863,Sonata
3864,Lancer
3865,Mentor
3866,Partner
3867,S70
3868,146
3869,Explorer
3870,Sirion
3871,25
3872,Cabriolet
3873,Patrol
3874,Carens
3875,Matrix
3876,SJ
3877,Trajet
3878,Liana
3879,Maxima
3880,Pony
3881,90
3882,Streetka
3883,11
3884,Spider
3885,Legend
3886,Shuttle
3887,145
3888,Doblo
3889,A8
3890,Integra
3891,Samara
3892,MX-6
3893,S3
3894,Elantra
3895,Defender
3896,Scenic
3897,S2000
3898,505
3899,Viano
3900,605
3901,155
3902,Z4
3903,Marbella
3904,Musso
3905,164
3906,Stream
3907,XC90
3908,Samurai
3909,Acclaim
3910,Hilux
3911,M550i
3912,C2
3913,CLA
3914,City-coupe
3915,Space
3916,DB7
3917,Paseo
3918,Sorento
3919,607
3920,Logo
3921,166
3922,305
3923,807
3924,928
3925,850i
3926,640i
3927,Move
3928,CRX
3929,Tribute
3930,Carrera
3931,9
3932,C8
3933,S4
3934,2
3935,Superb
3936,Esprit
3937,TR7
3938,33
3939,Streetwise
3940,Barchetta
3941,Quattro
3942,Cayenne
3943,2000
3944,Manta
3945,Magentis
3946,Applause
3947,Touran
3948,4
3949,Vaneo
3950,Zafira
3951,X-90
3952,Griffith
3953,3.6
3954,Tuscan
3955,Delta
3956,XC70
3957,Fiesta
3958,Escort
3959,Mondeo
3960,Golf
3961,Micra
3962,Clio
3963,2000
3964,Polo
3965,320i
3966,Focus
3967,Megane
3968,306
3969,106
3970,Civic
3971,206
3972,Sierra
3973,Ka+
3974,Corolla
3975,Saxo
3976,205
3977,Laguna
3978,Primera
3979,405
3980,406
3981,Passat
3982,535i
3983,Xsara
3984,Carina
3985,Accord
3986,Discovery
3987,Almera
3988,CLA
3989,AX
3990,Orion
3991,ZX
3992,Xantia
3993,323
3994,A4
3995,Yaris
3996,19
3997,440
3998,Granada
3999,E
4000,Freelander
4001,309
4002,Accent
4003,Ibiza
4004,Brava
4005,Felicia
4006,Avensis
4007,Uno
4008,Vitara
4009,626
4010,80
4011,Galaxy
4012,Bluebird
4013,RAV4
4014,XJ
4015,900
4016,MX-5
4017,190
4018,A
4019,Puma
4020,Fabia
4021,307
4022,Celica
4023,Range
4024,S40
4025,Espace
4026,Cinquecento
4027,V40
4028,9000
4029,940
4030,V70
4031,Swift
4032,45
4033,Lanos
4034,850
4035,75
4036,A6
4037,A3
4038,Bravo
4039,Tipo
4040,Mini
4041,Seicento
4042,MR2
4043,Beetle
4044,21
4045,Octavia
4046,9-3X
4047,Starlet
4048,Impreza
4049,Carisma
4050,Favorit
4051,Lantra
4052,Nexia
4053,300
4054,740i
4055,Panda
4056,Colt
4057,Scorpio
4058,Cooper
4059,Marea
4060,Previa
4061,Prelude
4062,460
4063,CLK
4064,Sharan
4065,Bora
4066,S-Type
4067,09-May
4068,Legacy
4069,156
4070,Terrano
4071,Galant
4072,Concerto
4073,Wagon
4074,100
4075,TT
4076,Lupo
4077,Pride
4078,Z3
4079,ML
4080,Range
4081,Space
4082,Toledo
4083,SLK
4084,911
4085,Leon
4086,Jetta
4087,XE
4088,Camry
4089,Maverick
4090,Neon
4091,Serena
4092,ZR
4093,Berlingo
4094,Espero
4095,C5
4096,Probe
4097,Baleno
4098,Jimny
4099,Sprinter
4100,One
4101,Boxster
4102,Voyager
4103,Alhambra
4104,C3
4105,Arosa
4106,HR-V
4107,Cordoba
4108,XK
4109,Tempra
4110,Jazz
4111,Scirocco
4112,Cougar
4113,Leganza
4114,XM
4115,MX-3
4116,Vento
4117,M3
4118,Capri
4119,Alto
4120,Prairie
4121,147
4122,X5
4123,Coupe
4124,Justy
4125,25
4126,121
4127,Safrane
4128,Sportage
4129,Forester
4130,Kangoo
4131,S80
4132,Demio
4133,A2
4134,Multipla
4135,960
4136,Xedos
4137,PT
4138,11
4139,Lancer
4140,Picnic
4141,Supra
4142,Ignis
4143,SLS
4144,806
4145,944
4146,Corrado
4147,Samara
4148,Pony
4149,Shuma
4150,Elise
4151,ZS
4152,Sonata
4153,Mentor
4154,Stilo
4155,SJ
4156,Space
4157,S60
4158,Ulysse
4159,TF
4160,S70
4161,146
4162,Rio
4163,Terios
4164,90
4165,Premacy
4166,Explorer
4167,Patrol
4168,C70
4169,Maxima
4170,Cabriolet
4171,Integra
4172,505
4173,X-Trail
4174,Sirion
4175,Marbella
4176,Legend
4177,605
4178,Spider
4179,145
4180,Santa
4181,Shuttle
4182,MX-6
4183,ZT
4184,164
4185,Acclaim
4186,155
4187,305
4188,Partner
4189,Trajet
4190,6
4191,A8
4192,S3
4193,Viano
4194,Musso
4195,Samurai
4196,Liana
4197,9
4198,S2000
4199,Carens
4200,Elantra
4201,Defender
4202,M550i
4203,Space
4204,Matrix
4205,Paseo
4206,Logo
4207,Fusion
4208,33
4209,CLA
4210,Stream
4211,Doblo
4212,640i
4213,DB7
4214,928
4215,850i
4216,Move
4217,CRX
4218,166
4219,Carrera
4220,Manta
4221,TR7
4222,Esprit
4223,Applause
4224,Hilux
4225,2000
4226,Barchetta
4227,Quattro
4228,Silvia
4229,Sunny
4230,126
4231,Delta
4232,3.6
4233,Tercel
4234,4
4235,X-90
4236,Niva
4237,Stellar
4238,Griffith
4239,Getz
4240,S4
4241,99
4242,607
4243,Fiesta
4244,Escort
4245,Mondeo
4246,2000
4247,Golf
4248,Micra
4249,Clio
4250,Polo
4251,320i
4252,306
4253,Sierra
4254,106
4255,Megane
4256,Civic
4257,Focus
4258,205
4259,405
4260,206
4261,Corolla
4262,Ka+
4263,Saxo
4264,Laguna
4265,Primera
4266,Orion
4267,AX
4268,Carina
4269,406
4270,535i
4271,Passat
4272,Accord
4273,ZX
4274,Discovery
4275,Granada
4276,Xantia
4277,323
4278,CLA
4279,309
4280,Almera
4281,19
4282,Xsara
4283,440
4284,Uno
4285,A4
4286,Bluebird
4287,Yaris
4288,E
4289,Felicia
4290,80
4291,626
4292,Accent
4293,Ibiza
4294,Brava
4295,Vitara
4296,900
4297,Freelander
4298,XJ
4299,190
4300,Galaxy
4301,Avensis
4302,9000
4303,MX-5
4304,Tipo
4305,Cinquecento
4306,21
4307,RAV4
4308,940
4309,Celica
4310,Puma
4311,Espace
4312,Mini
4313,Range
4314,850
4315,Panda
4316,Swift
4317,Bravo
4318,S40
4319,Favorit
4320,Lanos
4321,MR2
4322,A
4323,V40
4324,Starlet
4325,V70
4326,Lantra
4327,A6
4328,Nexia
4329,Seicento
4330,A3
4331,300
4332,Beetle
4333,Fabia
4334,45
4335,Colt
4336,740i
4337,Impreza
4338,Scorpio
4339,Carisma
4340,Prelude
4341,460
4342,75
4343,100
4344,9-3X
4345,Marea
4346,Previa
4347,Jetta
4348,Octavia
4349,Concerto
4350,Range
4351,Galant
4352,Pride
4353,Legacy
4354,Terrano
4355,Space
4356,Sharan
4357,Z3
4358,Toledo
4359,Camry
4360,CLK
4361,Bora
4362,Lupo
4363,Wagon
4364,Espero
4365,Serena
4366,Scirocco
4367,S-Type
4368,156
4369,SLK
4370,Maverick
4371,911
4372,Probe
4373,09-May
4374,Tempra
4375,Neon
4376,Baleno
4377,25
4378,307
4379,11
4380,ML
4381,Capri
4382,Cordoba
4383,XM
4384,TT
4385,Samara
4386,Prairie
4387,Sprinter
4388,Justy
4389,Pony
4390,Cougar
4391,Coupe
4392,Boxster
4393,Vento
4394,XK
4395,MX-3
4396,Alhambra
4397,Arosa
4398,HR-V
4399,Jimny
4400,121
4401,Leganza
4402,Safrane
4403,Leon
4404,Alto
4405,Lancer
4406,Voyager
4407,Supra
4408,SJ
4409,960
4410,Xedos
4411,Sportage
4412,944
4413,Berlingo
4414,Corrado
4415,505
4416,M3
4417,90
4418,Sonata
4419,Picnic
4420,Demio
4421,Integra
4422,Forester
4423,Mentor
4424,Kangoo
4425,806
4426,Cooper
4427,Shuma
4428,Marbella
4429,Elise
4430,SLS
4431,Ulysse
4432,Acclaim
4433,146
4434,S80
4435,305
4436,Patrol
4437,XE
4438,Multipla
4439,S70
4440,Maxima
4441,605
4442,Explorer
4443,PT
4444,Cabriolet
4445,Terios
4446,Legend
4447,164
4448,A2
4449,9
4450,X5
4451,MX-6
4452,145
4453,C5
4454,Ignis
4455,Shuttle
4456,Spider
4457,Sirion
4458,155
4459,147
4460,Premacy
4461,ZR
4462,One
4463,C70
4464,Space
4465,Samurai
4466,33
4467,Musso
4468,A8
4469,S60
4470,Viano
4471,Manta
4472,Space
4473,Paseo
4474,M550i
4475,Sunny
4476,640i
4477,Logo
4478,S3
4479,928
4480,126
4481,Silvia
4482,Stellar
4483,Defender
4484,Move
4485,Tercel
4486,Rio
4487,Trajet
4488,850i
4489,CRX
4490,Applause
4491,TR7
4492,Carens
4493,Delta
4494,ZS
4495,Carrera
4496,2000
4497,S2000
4498,DB7
4499,Croma
4500,120
4501,Santa
4502,Niva
4503,Elantra
4504,3.6
4505,Esprit
4506,Quattro
4507,99
4508,Kadett
4509,Barchetta
4510,18
4511,CLA
4512,4
4513,Dedra
4514,Cherry
4515,Marina
4516,X-90
4517,Laurel
4518,166
4519,Griffith
4520,Fiesta
4521,Escort
4522,2000
4523,Golf
4524,Mondeo
4525,Micra
4526,Sierra
4527,Polo
4528,Clio
4529,320i
4530,306
4531,106
4532,205
4533,Civic
4534,Megane
4535,405
4536,Orion
4537,Corolla
4538,Primera
4539,AX
4540,Laguna
4541,Granada
4542,Carina
4543,Saxo
4544,Focus
4545,Ka+
4546,535i
4547,ZX
4548,309
4549,206
4550,Accord
4551,Passat
4552,323
4553,Uno
4554,19
4555,Discovery
4556,Xantia
4557,406
4558,440
4559,Bluebird
4560,Almera
4561,CLA
4562,80
4563,626
4564,Felicia
4565,Ibiza
4566,A4
4567,900
4568,E
4569,Accent
4570,21
4571,190
4572,XJ
4573,Vitara
4574,Tipo
4575,Brava
4576,Panda
4577,9000
4578,Xsara
4579,Cinquecento
4580,940
4581,MX-5
4582,Mini
4583,Yaris
4584,Favorit
4585,Galaxy
4586,Espace
4587,850
4588,Freelander
4589,Celica
4590,Range
4591,Swift
4592,RAV4
4593,Avensis
4594,Starlet
4595,MR2
4596,Lanos
4597,Lantra
4598,Nexia
4599,300
4600,Bravo
4601,Puma
4602,S40
4603,Colt
4604,100
4605,Prelude
4606,Jetta
4607,V40
4608,460
4609,740i
4610,Scorpio
4611,Range
4612,Beetle
4613,A
4614,V70
4615,Concerto
4616,A3
4617,A6
4618,Carisma
4619,Pride
4620,Impreza
4621,Galant
4622,Seicento
4623,Previa
4624,11
4625,Scirocco
4626,Camry
4627,25
4628,Legacy
4629,Space
4630,Samara
4631,Marea
4632,Toledo
4633,Terrano
4634,Capri
4635,Tempra
4636,Espero
4637,9-3X
4638,Z3
4639,Sharan
4640,Serena
4641,XM
4642,Probe
4643,Pony
4644,Maverick
4645,75
4646,Prairie
4647,45
4648,Baleno
4649,911
4650,Cordoba
4651,Octavia
4652,CLK
4653,Neon
4654,Coupe
4655,Justy
4656,SLK
4657,Wagon
4658,Vento
4659,156
4660,121
4661,S-Type
4662,MX-3
4663,505
4664,Fabia
4665,Lupo
4666,SJ
4667,Lancer
4668,09-May
4669,Safrane
4670,Supra
4671,Acclaim
4672,Bora
4673,305
4674,Integra
4675,944
4676,90
4677,Cougar
4678,Alto
4679,XK
4680,Arosa
4681,ML
4682,Sprinter
4683,960
4684,Corrado
4685,Xedos
4686,Alhambra
4687,Marbella
4688,Leganza
4689,9
4690,Boxster
4691,HR-V
4692,Sonata
4693,Mentor
4694,Sportage
4695,Picnic
4696,605
4697,M3
4698,Jimny
4699,TT
4700,Patrol
4701,SLS
4702,Demio
4703,806
4704,Voyager
4705,164
4706,146
4707,Maxima
4708,Elise
4709,Legend
4710,Ulysse
4711,Forester
4712,Cabriolet
4713,S70
4714,Explorer
4715,33
4716,MX-6
4717,145
4718,Manta
4719,155
4720,Terios
4721,Shuttle
4722,Sunny
4723,Spider
4724,Kangoo
4725,S80
4726,Shuma
4727,Samurai
4728,Berlingo
4729,Musso
4730,Stellar
4731,Sirion
4732,126
4733,Silvia
4734,120
4735,Tercel
4736,Croma
4737,640i
4738,Leon
4739,18
4740,Space
4741,Paseo
4742,Viano
4743,Multipla
4744,Cherry
4745,Kadett
4746,Delta
4747,Niva
4748,Premacy
4749,C70
4750,99
4751,928
4752,M550i
4753,A8
4754,TR7
4755,Applause
4756,2000
4757,Logo
4758,PT
4759,Move
4760,Defender
4761,3.6
4762,CRX
4763,850i
4764,Marina
4765,Regata
4766,Carrera
4767,Dedra
4768,Esprit
4769,Quattro
4770,Laurel
4771,Cabriolet
4772,4
4773,130
4774,Barchetta
4775,Thema
4776,DB7
4777,X-90
4778,Stanza
4779,Ital
4780,S2000
4781,S3
4782,Fiesta
4783,Escort
4784,2000
4785,Sierra
4786,Golf
4787,Micra
4788,Mondeo
4789,Polo
4790,Clio
4791,320i
4792,205
4793,306
4794,106
4795,Orion
4796,405
4797,Civic
4798,Corolla
4799,Granada
4800,Megane
4801,AX
4802,Primera
4803,Carina
4804,309
4805,Uno
4806,ZX
4807,Laguna
4808,535i
4809,19
4810,Bluebird
4811,323
4812,Accord
4813,Passat
4814,Saxo
4815,440
4816,Discovery
4817,Xantia
4818,Ka+
4819,80
4820,406
4821,626
4822,CLA
4823,21
4824,900
4825,Almera
4826,Panda
4827,Ibiza
4828,Felicia
4829,Focus
4830,Tipo
4831,190
4832,XJ
4833,206
4834,E
4835,9000
4836,Accent
4837,Vitara
4838,A4
4839,Cinquecento
4840,Favorit
4841,Brava
4842,940
4843,Mini
4844,Espace
4845,850
4846,Celica
4847,MX-5
4848,Starlet
4849,Range
4850,Jetta
4851,100
4852,Galaxy
4853,300
4854,Nexia
4855,Swift
4856,MR2
4857,RAV4
4858,Lantra
4859,Prelude
4860,Colt
4861,11
4862,Xsara
4863,460
4864,Range
4865,740i
4866,25
4867,Bravo
4868,Lanos
4869,Freelander
4870,Scirocco
4871,Concerto
4872,Avensis
4873,Scorpio
4874,Capri
4875,Samara
4876,Galant
4877,S40
4878,Camry
4879,V40
4880,Pride
4881,Puma
4882,Space
4883,Carisma
4884,Previa
4885,Pony
4886,Legacy
4887,Beetle
4888,Impreza
4889,Tempra
4890,Yaris
4891,A3
4892,XM
4893,A6
4894,Espero
4895,Prairie
4896,Toledo
4897,V70
4898,Terrano
4899,Probe
4900,Serena
4901,Maverick
4902,Acclaim
4903,Marea
4904,Seicento
4905,Coupe
4906,505
4907,A
4908,Z3
4909,305
4910,Justy
4911,911
4912,Sharan
4913,Baleno
4914,SJ
4915,Cordoba
4916,9
4917,121
4918,Vento
4919,Lancer
4920,MX-3
4921,Supra
4922,Integra
4923,90
4924,9-3X
4925,Safrane
4926,944
4927,Neon
4928,Corrado
4929,Marbella
4930,960
4931,CLK
4932,SLK
4933,Xedos
4934,Alto
4935,605
4936,XK
4937,Sunny
4938,Octavia
4939,Sonata
4940,Arosa
4941,Manta
4942,Wagon
4943,Sprinter
4944,Mentor
4945,M3
4946,164
4947,Leganza
4948,09-May
4949,33
4950,Alhambra
4951,Patrol
4952,Picnic
4953,Legend
4954,S-Type
4955,SLS
4956,156
4957,120
4958,Maxima
4959,Sportage
4960,Stellar
4961,146
4962,Cougar
4963,Cabriolet
4964,806
4965,18
4966,Ulysse
4967,Elise
4968,Boxster
4969,MX-6
4970,126
4971,Lupo
4972,Silvia
4973,155
4974,Croma
4975,Tercel
4976,Explorer
4977,Cherry
4978,S70
4979,145
4980,Spider
4981,Forester
4982,Shuttle
4983,Voyager
4984,Samurai
4985,ML
4986,Kadett
4987,Musso
4988,Terios
4989,HR-V
4990,Regata
4991,640i
4992,99
4993,Delta
4994,Niva
4995,75
4996,Jimny
4997,Space
4998,2000
4999,Marina
5000,130
5001,Demio
5002,Paseo
5003,TR7
5004,928
5005,Bora
5006,Applause
5007,Cabriolet
5008,Sirion
5009,Stanza
5010,3.6
5011,Laurel
5012,Move
5013,Viano
5014,M550i
5015,Dedra
5016,Defender
5017,Ital
5018,Quattro
5019,Carrera
5020,850i
5021,Esprit
5022,Strada
5023,Thema
5024,CRX
5025,S80
5026,A8
5027,TT
5028,4
5029,Santana
5030,X-90
5031,Berlingo
5032,Double
5033,105
5034,Malaga
5035,Barchetta
5036,Shuma
5037,4
5038,Ascona
5039,Fiesta
5040,Escort
5041,Sierra
5042,2000
5043,Golf
5044,Micra
5045,Polo
5046,Mondeo
5047,205
5048,Orion
5049,Clio
5050,320i
5051,405
5052,106
5053,306
5054,Civic
5055,Granada
5056,Corolla
5057,AX
5058,309
5059,Uno
5060,Carina
5061,Bluebird
5062,Primera
5063,ZX
5064,19
5065,Megane
5066,535i
5067,323
5068,440
5069,Accord
5070,Passat
5071,Laguna
5072,Discovery
5073,80
5074,Xantia
5075,21
5076,626
5077,Panda
5078,Saxo
5079,900
5080,Tipo
5081,190
5082,Ibiza
5083,XJ
5084,CLA
5085,Ka+
5086,9000
5087,406
5088,Felicia
5089,Almera
5090,Favorit
5091,Cinquecento
5092,Vitara
5093,940
5094,E
5095,Mini
5096,Accent
5097,Jetta
5098,11
5099,100
5100,Celica
5101,Espace
5102,Brava
5103,850
5104,Starlet
5105,A4
5106,300
5107,25
5108,Capri
5109,Range
5110,Nexia
5111,Prelude
5112,Range
5113,MR2
5114,Scirocco
5115,Lantra
5116,460
5117,MX-5
5118,Swift
5119,Samara
5120,Colt
5121,RAV4
5122,740i
5123,Concerto
5124,Camry
5125,Galant
5126,Galaxy
5127,Pony
5128,Acclaim
5129,Scorpio
5130,Beetle
5131,Pride
5132,Space
5133,Tempra
5134,Bravo
5135,XM
5136,Prairie
5137,Previa
5138,305
5139,Legacy
5140,505
5141,Espero
5142,9
5143,S40
5144,Coupe
5145,Toledo
5146,Probe
5147,Maverick
5148,Carisma
5149,Impreza
5150,Serena
5151,V40
5152,Justy
5153,Freelander
5154,Xsara
5155,Lanos
5156,SJ
5157,Terrano
5158,Sunny
5159,Avensis
5160,A3
5161,Lancer
5162,911
5163,90
5164,Vento
5165,A6
5166,Integra
5167,121
5168,Supra
5169,Puma
5170,MX-3
5171,Manta
5172,Baleno
5173,944
5174,Sharan
5175,Cordoba
5176,Marbella
5177,206
5178,120
5179,Corrado
5180,Z3
5181,Safrane
5182,V70
5183,960
5184,18
5185,33
5186,605
5187,Neon
5188,Cherry
5189,Stellar
5190,164
5191,Marea
5192,Xedos
5193,Sonata
5194,Mentor
5195,Alto
5196,Patrol
5197,Tercel
5198,126
5199,Silvia
5200,Croma
5201,Regata
5202,XK
5203,M3
5204,Legend
5205,Kadett
5206,SLK
5207,Arosa
5208,SLS
5209,Maxima
5210,Sprinter
5211,MX-6
5212,Seicento
5213,Alhambra
5214,130
5215,Picnic
5216,99
5217,9-3X
5218,Cabriolet
5219,155
5220,Stanza
5221,Samurai
5222,806
5223,Delta
5224,Leganza
5225,Wagon
5226,Marina
5227,Niva
5228,640i
5229,146
5230,Sportage
5231,Ulysse
5232,CLK
5233,2000
5234,Spider
5235,145
5236,Musso
5237,Ital
5238,Shuttle
5239,Cabriolet
5240,Strada
5241,Explorer
5242,Elise
5243,09-May
5244,TR7
5245,Boxster
5246,Laurel
5247,Space
5248,928
5249,Paseo
5250,156
5251,A
5252,S70
5253,Applause
5254,3.6
5255,Focus
5256,Dedra
5257,Octavia
5258,Thema
5259,Forester
5260,Santana
5261,105
5262,Quattro
5263,M550i
5264,Move
5265,Ascona
5266,Defender
5267,Carrera
5268,Esprit
5269,Malaga
5270,Terios
5271,4
5272,850i
5273,4
5274,Voyager
5275,Double
5276,CRX
5277,X-90
5278,Monza
5279,Viano
5280,Fuego
5281,Fiesta
5282,Escort
5283,Sierra
5284,2000
5285,Golf
5286,Micra
5287,Polo
5288,Orion
5289,205
5290,Mondeo
5291,320i
5292,Clio
5293,405
5294,Granada
5295,106
5296,Civic
5297,AX
5298,Uno
5299,306
5300,309
5301,Corolla
5302,Carina
5303,Bluebird
5304,19
5305,ZX
5306,535i
5307,Primera
5308,323
5309,440
5310,Accord
5311,Passat
5312,80
5313,21
5314,Panda
5315,Discovery
5316,626
5317,Xantia
5318,Laguna
5319,Tipo
5320,900
5321,Megane
5322,190
5323,Ibiza
5324,XJ
5325,Favorit
5326,11
5327,9000
5328,Jetta
5329,Cinquecento
5330,CLA
5331,Vitara
5332,Capri
5333,Mini
5334,100
5335,940
5336,Saxo
5337,25
5338,Felicia
5339,Samara
5340,Range
5341,Scirocco
5342,Celica
5343,300
5344,Almera
5345,Espace
5346,Acclaim
5347,Prelude
5348,E
5349,850
5350,Accent
5351,460
5352,MR2
5353,Range
5354,Nexia
5355,406
5356,Starlet
5357,Pony
5358,Colt
5359,Concerto
5360,Swift
5361,Ka+
5362,Camry
5363,740i
5364,Brava
5365,Lantra
5366,Galant
5367,305
5368,A4
5369,Beetle
5370,9
5371,RAV4
5372,Prairie
5373,MX-5
5374,Sunny
5375,Tempra
5376,505
5377,Pride
5378,XM
5379,Space
5380,Scorpio
5381,Previa
5382,Coupe
5383,Galaxy
5384,Manta
5385,Legacy
5386,SJ
5387,120
5388,Justy
5389,Toledo
5390,Maverick
5391,Probe
5392,18
5393,90
5394,Lancer
5395,Cherry
5396,Bravo
5397,Serena
5398,Integra
5399,Vento
5400,Supra
5401,Espero
5402,944
5403,121
5404,Marbella
5405,Impreza
5406,911
5407,Terrano
5408,Regata
5409,33
5410,MX-3
5411,Corrado
5412,Stellar
5413,Carisma
5414,Tercel
5415,126
5416,Kadett
5417,605
5418,960
5419,S40
5420,Croma
5421,Cordoba
5422,Safrane
5423,V40
5424,Silvia
5425,Stanza
5426,130
5427,Baleno
5428,164
5429,A6
5430,Sharan
5431,Patrol
5432,Legend
5433,99
5434,Ital
5435,Sonata
5436,Alto
5437,Marina
5438,Xedos
5439,A3
5440,Mentor
5441,Neon
5442,Strada
5443,Delta
5444,Niva
5445,M3
5446,Z3
5447,2000
5448,MX-6
5449,Cabriolet
5450,640i
5451,Samurai
5452,Maxima
5453,SLS
5454,XK
5455,Sprinter
5456,105
5457,TR7
5458,Cabriolet
5459,Laurel
5460,Puma
5461,Santana
5462,155
5463,V70
5464,Sportage
5465,Ascona
5466,928
5467,806
5468,Spider
5469,Paseo
5470,Thema
5471,3.6
5472,Applause
5473,Space
5474,145
5475,Musso
5476,146
5477,Malaga
5478,Dedra
5479,Alhambra
5480,Picnic
5481,Ulysse
5482,Shuttle
5483,SLK
5484,Quattro
5485,4
5486,M550i
5487,Fuego
5488,Marea
5489,Carrera
5490,Defender
5491,Derby
5492,Esprit
5493,Monza
5494,104
5495,Transit
5496,Prisma
5497,Double
5498,Senator
5499,Explorer
5500,127
5501,200
5502,4
5503,Rekord
5504,929
5505,Lanos
5506,Fiesta
5507,Escort
5508,Sierra
5509,2000
5510,Golf
5511,Micra
5512,Orion
5513,Polo
5514,205
5515,320i
5516,Granada
5517,405
5518,Mondeo
5519,Clio
5520,Uno
5521,309
5522,AX
5523,Corolla
5524,106
5525,Civic
5526,Bluebird
5527,Carina
5528,306
5529,19
5530,ZX
5531,440
5532,535i
5533,323
5534,Accord
5535,Passat
5536,80
5537,Primera
5538,21
5539,Panda
5540,626
5541,Discovery
5542,Tipo
5543,900
5544,190
5545,Ibiza
5546,11
5547,XJ
5548,Capri
5549,Favorit
5550,Jetta
5551,Xantia
5552,9000
5553,Laguna
5554,100
5555,25
5556,Acclaim
5557,Mini
5558,Samara
5559,Scirocco
5560,Vitara
5561,Range
5562,940
5563,Cinquecento
5564,300
5565,Celica
5566,Prelude
5567,CLA
5568,Pony
5569,Espace
5570,460
5571,Sunny
5572,MR2
5573,9
5574,305
5575,Concerto
5576,Camry
5577,Colt
5578,850
5579,740i
5580,Range
5581,Beetle
5582,Swift
5583,E
5584,Galant
5585,505
5586,Starlet
5587,Prairie
5588,Felicia
5589,Megane
5590,Manta
5591,Tempra
5592,Lantra
5593,120
5594,Nexia
5595,Cherry
5596,Pride
5597,18
5598,XM
5599,Space
5600,Accent
5601,Coupe
5602,SJ
5603,Almera
5604,RAV4
5605,MX-5
5606,A4
5607,Regata
5608,Scorpio
5609,Legacy
5610,Justy
5611,Previa
5612,90
5613,Lancer
5614,Toledo
5615,Integra
5616,Probe
5617,Saxo
5618,Maverick
5619,Supra
5620,944
5621,Kadett
5622,Marbella
5623,Stanza
5624,Stellar
5625,33
5626,Tercel
5627,Vento
5628,406
5629,126
5630,130
5631,121
5632,Serena
5633,Galaxy
5634,Corrado
5635,Ital
5636,911
5637,Croma
5638,Silvia
5639,Marina
5640,Brava
5641,605
5642,Strada
5643,Terrano
5644,MX-3
5645,99
5646,960
5647,Espero
5648,164
5649,Impreza
5650,Patrol
5651,Safrane
5652,Cordoba
5653,2000
5654,Delta
5655,Legend
5656,Bravo
5657,Alto
5658,Cabriolet
5659,Niva
5660,105
5661,Sonata
5662,640i
5663,Samurai
5664,Xedos
5665,A6
5666,Ascona
5667,Baleno
5668,Santana
5669,TR7
5670,MX-6
5671,Laurel
5672,M3
5673,Mentor
5674,Carisma
5675,Maxima
5676,Fuego
5677,Malaga
5678,SLS
5679,Thema
5680,928
5681,Sharan
5682,Derby
5683,4
5684,3.6
5685,Sprinter
5686,104
5687,Applause
5688,Cabriolet
5689,Dedra
5690,127
5691,Ka+
5692,Quattro
5693,Space
5694,M550i
5695,Senator
5696,Rekord
5697,Prisma
5698,Monza
5699,Neon
5700,155
5701,Spider
5702,Shuttle
5703,Musso
5704,Carrera
5705,Paseo
5706,Sportage
5707,S40
5708,Esprit
5709,Defender
5710,200
5711,Cressida
5712,929
5713,XK
5714,Double
5715,145
5716,806
5717,V40
5718,Quintet
5719,4
5720,146
5721,Escort
5722,Fiesta
5723,Sierra
5724,2000
5725,Golf
5726,Orion
5727,Micra
5728,205
5729,Polo
5730,Granada
5731,320i
5732,405
5733,Uno
5734,309
5735,Clio
5736,AX
5737,Corolla
5738,Bluebird
5739,Mondeo
5740,Civic
5741,106
5742,19
5743,Carina
5744,323
5745,440
5746,Accord
5747,Panda
5748,535i
5749,ZX
5750,Passat
5751,21
5752,80
5753,306
5754,Primera
5755,626
5756,Tipo
5757,11
5758,Capri
5759,190
5760,900
5761,Discovery
5762,Ibiza
5763,Favorit
5764,Jetta
5765,Acclaim
5766,XJ
5767,Samara
5768,25
5769,100
5770,9000
5771,Scirocco
5772,Mini
5773,Sunny
5774,Range
5775,Xantia
5776,300
5777,Celica
5778,Vitara
5779,9
5780,305
5781,Prelude
5782,940
5783,Pony
5784,MR2
5785,Concerto
5786,460
5787,Laguna
5788,Camry
5789,Beetle
5790,Cinquecento
5791,Cherry
5792,Espace
5793,Manta
5794,Colt
5795,505
5796,120
5797,18
5798,740i
5799,Galant
5800,Prairie
5801,CLA
5802,Swift
5803,Range
5804,Starlet
5805,Tempra
5806,850
5807,Regata
5808,SJ
5809,Pride
5810,XM
5811,Coupe
5812,Space
5813,Stanza
5814,Lantra
5815,E
5816,Kadett
5817,90
5818,Ital
5819,Justy
5820,Lancer
5821,126
5822,Integra
5823,Tercel
5824,130
5825,Legacy
5826,Stellar
5827,Marina
5828,33
5829,Marbella
5830,944
5831,Supra
5832,Previa
5833,MX-5
5834,Toledo
5835,Strada
5836,Croma
5837,Scorpio
5838,Silvia
5839,Vento
5840,99
5841,RAV4
5842,Maverick
5843,Corrado
5844,Probe
5845,121
5846,911
5847,Felicia
5848,2000
5849,Accent
5850,Serena
5851,105
5852,605
5853,Delta
5854,Cabriolet
5855,Alto
5856,MX-3
5857,164
5858,Patrol
5859,Niva
5860,960
5861,Ascona
5862,A4
5863,Nexia
5864,Legend
5865,Terrano
5866,640i
5867,Fuego
5868,Santana
5869,Safrane
5870,Samurai
5871,Sonata
5872,TR7
5873,Derby
5874,104
5875,Impreza
5876,Laurel
5877,127
5878,Malaga
5879,4
5880,Cordoba
5881,Xedos
5882,Rekord
5883,Thema
5884,928
5885,Senator
5886,3.6
5887,MX-6
5888,Applause
5889,Prisma
5890,Maxima
5891,Dedra
5892,A6
5893,Cressida
5894,Monza
5895,Espero
5896,Quattro
5897,M550i
5898,M3
5899,200
5900,Quintet
5901,929
5902,Almera
5903,SLS
5904,Cabriolet
5905,Space
5906,Carrera
5907,Mentor
5908,Esprit
5909,Defender
5910,Sprinter
5911,Galaxy
5912,Double
5913,14
5914,Shuttle
5915,20
5916,Spider
5917,155
5918,Escort
5919,Fiesta
5920,Sierra
5921,2000
5922,Orion
5923,Golf
5924,Micra
5925,205
5926,Polo
5927,Granada
5928,320i
5929,Uno
5930,309
5931,405
5932,Corolla
5933,Bluebird
5934,AX
5935,Clio
5936,Civic
5937,Panda
5938,19
5939,Carina
5940,323
5941,Accord
5942,106
5943,21
5944,Passat
5945,535i
5946,80
5947,440
5948,Mondeo
5949,Capri
5950,ZX
5951,626
5952,11
5953,Acclaim
5954,Tipo
5955,190
5956,900
5957,Jetta
5958,Primera
5959,Samara
5960,Sunny
5961,306
5962,XJ
5963,Ibiza
5964,Favorit
5965,25
5966,100
5967,Scirocco
5968,Discovery
5969,Range
5970,9
5971,305
5972,Mini
5973,9000
5974,Cherry
5975,Celica
5976,300
5977,Pony
5978,Prelude
5979,18
5980,Beetle
5981,Manta
5982,120
5983,Camry
5984,Vitara
5985,505
5986,MR2
5987,Concerto
5988,940
5989,Colt
5990,460
5991,740i
5992,Prairie
5993,Xantia
5994,Starlet
5995,Regata
5996,Espace
5997,Stanza
5998,Galant
5999,Ital
6000,Kadett
6001,Marina
6002,SJ
6003,Swift
6004,Coupe
6005,Tempra
6006,Cinquecento
6007,Range
6008,126
6009,130
6010,Tercel
6011,Strada
6012,XM
6013,Pride
6014,Stellar
6015,90
6016,Space
6017,Lancer
6018,Integra
6019,Justy
6020,33
6021,944
6022,Marbella
6023,850
6024,Supra
6025,CLA
6026,Lantra
6027,99
6028,Laguna
6029,Legacy
6030,Croma
6031,Silvia
6032,2000
6033,105
6034,E
6035,Previa
6036,MX-5
6037,121
6038,Ascona
6039,Cabriolet
6040,Toledo
6041,Delta
6042,911
6043,Fuego
6044,Alto
6045,Derby
6046,Corrado
6047,127
6048,104
6049,Niva
6050,Vento
6051,Patrol
6052,Scorpio
6053,605
6054,Santana
6055,640i
6056,Maverick
6057,TR7
6058,Legend
6059,164
6060,MX-3
6061,Rekord
6062,4
6063,Samurai
6064,Serena
6065,Malaga
6066,Laurel
6067,960
6068,Sonata
6069,Senator
6070,Cressida
6071,Prisma
6072,Thema
6073,14
6074,928
6075,Quintet
6076,Probe
6077,Safrane
6078,3.6
6079,Monza
6080,Applause
6081,Terrano
6082,200
6083,20
6084,Quattro
6085,929
6086,M550i
6087,1200
6088,Dedra
6089,Xedos
6090,504
6091,Impreza
6092,MX-6
6093,Double
6094,Esprit
6095,Carrera
6096,Maxima
6097,Defender
6098,RAV4
6099,Spider
6100,Shuttle
6101,Space
